日期,排名,极度推荐,极度推荐排名,V1.50极度分,V1.50优选分,V1.50当前强度,V1.50结构确认,V1.50修复质量,V1.50启动质量,V1.50量价协同,V1.50超热扣分,涨停基因分,原极度推荐分,代码,名称,推荐度,今日涨跌%,相对强度,RSI14,KDJ状态,20日涨幅%,60日高点回撤%,关注理由
2025-07-21,1,极度推荐,1,86.4,84.8,64.0,95.0,96.0,96.1,100.0,0.0,44.5,82.7,600551,时代出版,58.4,1.46,49.7,50.48,多头,2.49,-14.63,当前仍站在20日线之上，20日线相对60日线高约4.3%，但短线均线结构还不算特别强。近20日上涨约2.5%，更像整理后的早期抬升，方向性仍需后续确认。5/20成交量比约0.60，前期有明显缩量，而当前量比约1.11，属于“先缩量、再温和放量”的状态，这一点比较贴合当前策略。过去250个交易日有5次涨停，历史弹性明显高于普通低价股；近10日最大单日涨幅约2.1%。MACD仍处死叉，快慢线之间的MACD距已连续两天缩小，属于死叉修复状态，位于跨零轴区域。
2025-07-22,1,极度推荐,1,83.0,81.5,65.5,95.0,91.0,89.1,78.0,0.0,67.3,78.2,002278,神开股份,82.2,1.18,52.8,53.88,多头,10.0,-15.53,当前仍站在20日线之上，20日线相对60日线高约5.2%，但短线均线结构还不算特别强。近20日上涨约10.0%，近5日约2.0%，上涨速度相对温和，没有明显进入加速末端。5/20成交量比约0.51，前期有明显缩量，而当前量比约1.62，属于“先缩量、再温和放量”的状态，这一点比较贴合当前策略。过去250个交易日有5次涨停，历史弹性明显高于普通低价股；近10日最大单日涨幅约1.2%。MACD仍处死叉，快慢线之间的MACD距已连续两天缩小，属于死叉修复状态，位于上方区域。
2025-07-28,1,极度推荐,1,85.9,86.5,73.0,95.0,100.0,77.1,83.0,0.0,70.8,84.2,000892,欢瑞世纪,68.9,2.24,60.3,58.38,多头,3.51,-19.97,当前仍站在20日线之上，20日线相对60日线高约15.7%，但短线均线结构还不算特别强。近20日上涨约3.5%，短线约8.2%，已经偏热，继续追价的性价比下降。近期5/20成交量比约0.81，量能处于收缩状态，但当前量比约1.90，启动力度还需要继续观察。过去250个交易日有6次涨停，历史弹性明显高于普通低价股；近10日最大单日涨幅约4.3%。MACD仍处死叉，快慢线之间的MACD距已连续两天缩小，属于死叉修复状态，位于上方区域。
2025-07-29,1,极度推荐,1,74.2,72.7,60.2,57.0,90.0,82.1,95.0,0.0,71.0,79.7,002177,御银股份,48.0,0.15,44.5,46.66,多头,-13.9,-24.32,价格虽然进入候选，但均线结构并不算漂亮，后续更依赖实际承接而不是单纯趋势延续。近20日上涨约-13.9%，更像整理后的早期抬升，方向性仍需后续确认。5/20成交量比约0.45，前期有明显缩量，而当前量比约1.29，属于“先缩量、再温和放量”的状态，这一点比较贴合当前策略。过去250个交易日有6次涨停，历史弹性明显高于普通低价股；近10日最大单日涨幅约2.2%。MACD仍处死叉，快慢线之间的MACD距已连续两天缩小，属于死叉修复状态，位于下方区域。
2025-07-30,1,极度推荐,1,77.7,76.8,68.7,57.0,93.0,78.7,95.0,0.0,65.0,79.5,002295,精艺股份,51.4,1.22,56.0,53.97,多头,5.63,-20.59,价格虽然进入候选，但均线结构并不算漂亮，后续更依赖实际承接而不是单纯趋势延续。近20日上涨约5.6%，近5日约3.2%，上涨速度相对温和，没有明显进入加速末端。5/20成交量比约0.36，前期有明显缩量，而当前量比约1.22，属于“先缩量、再温和放量”的状态，这一点比较贴合当前策略。过去250个交易日有5次涨停，历史弹性明显高于普通低价股；近10日最大单日涨幅约2.4%。MACD仍处死叉，快慢线之间的MACD距已连续两天缩小，属于死叉修复状态，位于上方区域。
2025-08-04,1,极度推荐,1,74.0,72.7,61.4,70.0,72.0,84.1,100.0,0.0,72.0,75.2,603065,宿迁联盛,46.4,1.78,47.3,45.64,多头,-6.74,-18.47,价格虽然进入候选，但均线结构并不算漂亮，后续更依赖实际承接而不是单纯趋势延续。近20日上涨约-6.7%，更像整理后的早期抬升，方向性仍需后续确认。近期5/20成交量比约0.81，量能处于收缩状态，但当前量比约1.31，启动力度还需要继续观察。过去250个交易日有7次涨停，历史弹性明显高于普通低价股；近10日最大单日涨幅约1.8%。MACD仍处死叉，快慢线之间的MACD距已连续两天缩小，属于死叉修复状态，位于下方区域。
2025-08-05,1,极度推荐,1,82.0,80.5,62.3,95.0,85.0,100.0,100.0,0.7,64.0,75.9,601218,吉鑫科技,55.8,1.43,47.9,53.13,多头,-5.33,-22.59,当前仍站在20日线之上，20日线相对60日线高约7.0%，但短线均线结构还不算特别强。近20日上涨约-5.3%，更像整理后的早期抬升，方向性仍需后续确认。5/20成交量比约0.55，前期有明显缩量，而当前量比约1.02，属于“先缩量、再温和放量”的状态，这一点比较贴合当前策略。过去250个交易日有5次涨停，历史弹性明显高于普通低价股；近10日最大单日涨幅约1.4%。MACD仍处死叉，快慢线之间的MACD距已连续两天缩小，属于死叉修复状态，位于上方区域。
2025-08-06,1,极度推荐,1,82.8,80.9,62.4,95.0,91.0,94.1,83.0,0.0,61.4,77.1,002342,巨力索具,58.0,2.19,48.6,57.28,多头,-7.34,-10.1,当前仍站在20日线之上，20日线相对60日线高约14.0%，但短线均线结构还不算特别强。近20日上涨约-7.3%，更像整理后的早期抬升，方向性仍需后续确认。5/20成交量比约0.68，前期有明显缩量，而当前量比约1.61，属于“先缩量、再温和放量”的状态，这一点比较贴合当前策略。过去250个交易日有8次涨停，历史弹性明显高于普通低价股；近10日最大单日涨幅约4.0%。MACD仍处死叉，快慢线之间的MACD距已连续两天缩小，属于死叉修复状态，位于上方区域。
2025-08-06,2,极度推荐,2,78.2,77.2,65.8,58.0,100.0,83.1,83.0,0.0,69.4,82.9,601956,东贝集团,62.4,1.51,52.2,50.29,多头,-1.03,-16.72,价格虽然进入候选，但均线结构并不算漂亮，后续更依赖实际承接而不是单纯趋势延续。近20日上涨约-1.0%，更像整理后的早期抬升，方向性仍需后续确认。5/20成交量比约0.56，前期有明显缩量，而当前量比约1.79，属于“先缩量、再温和放量”的状态，这一点比较贴合当前策略。过去250个交易日有7次涨停，历史弹性明显高于普通低价股；近10日最大单日涨幅约1.5%。MACD仍处死叉，快慢线之间的MACD距已连续两天缩小，属于死叉修复状态，位于下方区域。
2025-08-08,1,极度推荐,1,76.1,74.9,60.7,57.0,93.0,85.7,90.0,0.0,71.1,81.1,000965,天保基建,54.1,0.72,45.9,49.94,多头,-8.28,-13.02,价格虽然进入候选，但均线结构并不算漂亮，后续更依赖实际承接而不是单纯趋势延续。近20日上涨约-8.3%，更像整理后的早期抬升，方向性仍需后续确认。5/20成交量比约0.32，前期有明显缩量，而当前量比约1.11，属于“先缩量、再温和放量”的状态，这一点比较贴合当前策略。过去250个交易日有9次涨停，历史弹性明显高于普通低价股；近10日最大单日涨幅约1.2%。MACD仍处死叉，快慢线之间的MACD距已连续两天缩小，属于死叉修复状态，位于上方区域。
2025-08-08,2,极度推荐,2,75.5,74.4,65.3,70.0,77.0,78.7,95.0,0.0,63.7,72.8,601279,英利汽车,54.0,0.49,51.7,52.63,多头,4.6,-21.19,价格虽然进入候选，但均线结构并不算漂亮，后续更依赖实际承接而不是单纯趋势延续。近20日上涨约4.6%，近5日约2.2%，上涨速度相对温和，没有明显进入加速末端。5/20成交量比约0.36，前期有明显缩量，而当前量比约1.05，属于“先缩量、再温和放量”的状态，这一点比较贴合当前策略。过去250个交易日有6次涨停，历史弹性明显高于普通低价股；近10日最大单日涨幅约1.5%。MACD仍处死叉，快慢线之间的MACD距已连续两天缩小，属于死叉修复状态，位于上方区域。
2025-08-08,3,极度推荐,3,74.9,75.1,62.1,70.0,90.0,83.1,100.0,3.0,77.0,83.7,603086,先达股份,53.8,1.57,47.9,47.41,多头,-7.98,-22.03,价格虽然进入候选，但均线结构并不算漂亮，后续更依赖实际承接而不是单纯趋势延续。近20日上涨约-8.0%，更像整理后的早期抬升，方向性仍需后续确认。5/20成交量比约0.65，前期有明显缩量，而当前量比约1.34，属于“先缩量、再温和放量”的状态，这一点比较贴合当前策略。过去250个交易日有9次涨停，历史弹性明显高于普通低价股；近10日最大单日涨幅约1.8%。MACD仍处死叉，快慢线之间的MACD距已连续两天缩小，属于死叉修复状态，位于下方区域。
2025-08-11,1,极度推荐,1,76.0,75.1,59.6,57.0,98.0,84.1,95.0,0.0,74.2,83.3,002094,青岛金王,59.1,0.92,44.5,44.88,多头,-8.09,-17.92,价格虽然进入候选，但均线结构并不算漂亮，后续更依赖实际承接而不是单纯趋势延续。近20日上涨约-8.1%，更像整理后的早期抬升，方向性仍需后续确认。5/20成交量比约0.51，前期有明显缩量，而当前量比约1.01，属于“先缩量、再温和放量”的状态，这一点比较贴合当前策略。过去250个交易日有9次涨停，历史弹性明显高于普通低价股；近10日最大单日涨幅约0.9%。MACD仍处死叉，快慢线之间的MACD距已连续两天缩小，属于死叉修复状态，位于下方区域。
2025-08-11,2,极度推荐,2,75.9,74.7,61.9,70.0,74.0,96.1,100.0,0.0,59.0,76.5,600643,爱建集团,54.9,1.15,47.2,49.31,多头,-5.54,-24.75,价格虽然进入候选，但均线结构并不算漂亮，后续更依赖实际承接而不是单纯趋势延续。近20日上涨约-5.5%，更像整理后的早期抬升，方向性仍需后续确认。5/20成交量比约0.63，前期有明显缩量，而当前量比约1.29，属于“先缩量、再温和放量”的状态，这一点比较贴合当前策略。过去250个交易日有5次涨停，历史弹性明显高于普通低价股；近10日最大单日涨幅约1.2%。MACD仍处死叉，快慢线之间的MACD距已连续两天缩小，属于死叉修复状态，位于跨零轴区域。
2025-08-11,3,极度推荐,3,75.5,74.2,61.3,57.0,93.0,76.7,95.0,0.0,65.0,78.8,003037,三和管桩,57.7,-0.66,50.7,54.86,多头,5.47,-21.96,价格虽然进入候选，但均线结构并不算漂亮，后续更依赖实际承接而不是单纯趋势延续。近20日上涨约5.5%，近5日约3.3%，上涨速度相对温和，没有明显进入加速末端。5/20成交量比约0.44，前期有明显缩量，而当前量比约1.22，属于“先缩量、再温和放量”的状态，这一点比较贴合当前策略。过去250个交易日有5次涨停，历史弹性明显高于普通低价股；近10日最大单日涨幅约3.4%。MACD仍处死叉，快慢线之间的MACD距已连续两天缩小，属于死叉修复状态，位于上方区域。
2025-08-12,1,极度推荐,1,87.1,85.4,66.2,95.0,96.0,94.1,100.0,0.0,65.7,82.6,600939,重庆建工,57.9,1.35,53.0,55.53,多头,1.9,-10.29,当前仍站在20日线之上，20日线相对60日线高约8.4%，但短线均线结构还不算特别强。近20日上涨约1.9%，更像整理后的早期抬升，方向性仍需后续确认。5/20成交量比约0.55，前期有明显缩量，而当前量比约1.33，属于“先缩量、再温和放量”的状态，这一点比较贴合当前策略。过去250个交易日有7次涨停，历史弹性明显高于普通低价股；近10日最大单日涨幅约2.2%。MACD仍处死叉，快慢线之间的MACD距已连续两天缩小，属于死叉修复状态，位于上方区域。
2025-08-15,1,极度推荐,1,84.2,82.4,65.4,95.0,91.0,84.1,100.0,0.0,44.5,80.9,600551,时代出版,54.1,0.54,51.2,50.82,多头,3.47,-13.4,当前仍站在20日线之上，20日线相对60日线高约1.4%，但短线均线结构还不算特别强。近20日上涨约3.5%，近5日约1.5%，上涨速度相对温和，没有明显进入加速末端。5/20成交量比约0.65，前期有明显缩量，而当前量比约1.02，属于“先缩量、再温和放量”的状态，这一点比较贴合当前策略。过去250个交易日有5次涨停，历史弹性明显高于普通低价股；近10日最大单日涨幅约1.4%。MACD仍处死叉，快慢线之间的MACD距已连续两天缩小，属于死叉修复状态，位于上方区域。
2025-08-18,1,极度推荐,1,79.7,78.6,62.4,70.0,88.0,96.1,100.0,0.0,65.7,81.8,600939,重庆建工,55.0,2.2,48.8,53.33,多头,-5.12,-11.24,价格虽然进入候选，但均线结构并不算漂亮，后续更依赖实际承接而不是单纯趋势延续。近20日上涨约-5.1%，更像整理后的早期抬升，方向性仍需后续确认。5/20成交量比约0.67，前期有明显缩量，而当前量比约1.44，属于“先缩量、再温和放量”的状态，这一点比较贴合当前策略。过去250个交易日有7次涨停，历史弹性明显高于普通低价股；近10日最大单日涨幅约2.2%。MACD仍处死叉，快慢线之间的MACD距已连续两天缩小，属于死叉修复状态，位于上方区域。
2025-08-19,1,极度推荐,1,82.0,80.1,62.1,100.0,74.0,100.0,100.0,0.0,65.3,77.0,001896,豫能控股,45.1,0.72,47.8,51.82,多头,-2.95,-22.22,当前仍站在20日线之上，20日线相对60日线高约5.9%，但短线均线结构还不算特别强。近20日上涨约-2.9%，更像整理后的早期抬升，方向性仍需后续确认。5/20成交量比约0.78，前期有明显缩量，而当前量比约1.09，属于“先缩量、再温和放量”的状态，这一点比较贴合当前策略。过去250个交易日有6次涨停，历史弹性明显高于普通低价股；近10日最大单日涨幅约2.7%。MACD仍处死叉，快慢线之间的MACD距已连续两天缩小，属于死叉修复状态，位于上方区域。
2025-08-21,1,极度推荐,1,83.8,81.9,62.9,95.0,86.0,95.1,100.0,0.0,65.1,80.6,603333,福华尚纬,49.7,1.48,50.0,53.56,多头,3.26,-19.0,价格虽然进入候选，但均线结构并不算漂亮，后续更依赖实际承接而不是单纯趋势延续。近20日上涨约3.3%，近5日约1.5%，上涨速度相对温和，没有明显进入加速末端。近期5/20成交量比约0.87，量能处于收缩状态，但当前量比约1.37，启动力度还需要继续观察。过去250个交易日有7次涨停，历史弹性明显高于普通低价股；近10日最大单日涨幅约1.5%。MACD仍处死叉，快慢线之间的MACD距已连续两天缩小，属于死叉修复状态，位于上方区域。
2025-08-22,1,极度推荐,1,82.3,84.3,68.3,95.0,100.0,98.1,100.0,5.7,62.7,81.0,603879,永悦科技,50.5,1.41,55.3,57.65,多头,4.06,-8.54,当前仍站在20日线之上，20日线相对60日线高约5.3%，但短线均线结构还不算特别强。近20日上涨约4.1%，更像整理后的早期抬升，方向性仍需后续确认。近期5/20成交量比约0.81，量能处于收缩状态，但当前量比约1.19，启动力度还需要继续观察。过去250个交易日有6次涨停，历史弹性明显高于普通低价股；近10日最大单日涨幅约3.7%。MACD仍处死叉，快慢线之间的MACD距已连续两天缩小，属于死叉修复状态，位于上方区域。
2025-08-25,1,极度推荐,1,80.1,79.1,59.1,80.0,93.0,89.1,100.0,0.0,64.7,79.1,600939,重庆建工,50.7,1.1,44.9,51.8,空头,-2.39,-11.96,价格虽然进入候选，但均线结构并不算漂亮，后续更依赖实际承接而不是单纯趋势延续。近20日上涨约-2.4%，更像整理后的早期抬升，方向性仍需后续确认。5/20成交量比约0.62，前期有明显缩量，而当前量比约1.03，属于“先缩量、再温和放量”的状态，这一点比较贴合当前策略。过去250个交易日有7次涨停，历史弹性明显高于普通低价股；近10日最大单日涨幅约2.2%。MACD仍处死叉，快慢线之间的MACD距已连续两天缩小，属于死叉修复状态，位于上方区域。
2025-08-26,1,极度推荐,1,86.6,85.4,68.8,100.0,83.0,100.0,100.0,0.0,67.0,77.9,600666,奥瑞德,69.9,0.48,55.9,66.41,多头,14.13,-3.67,当前仍站在20日线之上，20日线相对60日线高约17.3%，但短线均线结构还不算特别强。近20日上涨约14.1%，近5日约3.4%，上涨速度相对温和，没有明显进入加速末端。近期5/20成交量比约0.82，量能处于收缩状态，但当前量比约1.20，启动力度还需要继续观察。过去250个交易日有5次涨停，历史弹性明显高于普通低价股；近10日最大单日涨幅约2.7%。MACD仍处死叉，快慢线之间的MACD距已连续两天缩小，属于死叉修复状态，位于上方区域。
2025-09-01,1,极度推荐,1,78.3,76.7,62.1,80.0,83.0,83.1,100.0,0.0,67.7,77.8,600828,茂业商业,52.0,1.97,47.6,50.69,多头,-9.98,-19.1,价格虽然进入候选，但均线结构并不算漂亮，后续更依赖实际承接而不是单纯趋势延续。近20日上涨约-10.0%，更像整理后的早期抬升，方向性仍需后续确认。5/20成交量比约0.69，前期有明显缩量，而当前量比约1.46，属于“先缩量、再温和放量”的状态，这一点比较贴合当前策略。过去250个交易日有8次涨停，历史弹性明显高于普通低价股；近10日最大单日涨幅约2.4%。MACD仍处死叉，快慢线之间的MACD距已连续两天缩小，属于死叉修复状态，位于跨零轴区域。
2025-09-02,1,极度推荐,1,88.5,89.8,74.8,100.0,91.0,90.1,100.0,0.0,68.9,79.3,002562,兄弟科技,74.7,1.47,64.0,59.84,多头,15.77,-11.42,当前仍站在20日线之上，20日线相对60日线高约13.7%，但短线均线结构还不算特别强。近20日上涨约15.8%，更像整理后的早期抬升，方向性仍需后续确认。5/20成交量比约0.57，前期有明显缩量，而当前量比约1.58，属于“先缩量、再温和放量”的状态，这一点比较贴合当前策略。过去250个交易日有8次涨停，历史弹性明显高于普通低价股；近10日最大单日涨幅约3.2%。MACD仍处死叉，快慢线之间的MACD距已连续两天缩小，属于死叉修复状态，位于上方区域。
2025-09-03,1,极度推荐,1,75.1,74.2,66.3,55.0,98.0,66.1,100.0,0.0,55.2,80.4,603980,吉华集团,28.9,2.08,54.1,40.84,多头,-9.24,-15.92,价格虽然进入候选，但均线结构并不算漂亮，后续更依赖实际承接而不是单纯趋势延续。近20日上涨约-9.2%，更像整理后的早期抬升，方向性仍需后续确认。近期5/20成交量比约0.85，量能处于收缩状态，但当前量比约1.60，启动力度还需要继续观察。过去250个交易日有6次涨停，历史弹性明显高于普通低价股；近10日最大单日涨幅约2.1%。MACD仍处死叉，快慢线之间的MACD距已连续两天缩小，属于死叉修复状态，位于下方区域。
2025-09-04,1,极度推荐,1,84.0,82.1,62.1,85.0,100.0,97.1,83.0,0.0,69.4,80.6,002370,亚太药业,52.2,-1.01,61.9,56.46,多头,3.45,-15.36,当前仍站在20日线之上，20日线相对60日线高约24.0%，但短线均线结构还不算特别强。近20日上涨约3.5%，短线约8.5%，已经偏热，继续追价的性价比下降。5/20成交量比约0.80，前期有明显缩量，而当前量比约1.72，属于“先缩量、再温和放量”的状态，这一点比较贴合当前策略。过去250个交易日有7次涨停，历史弹性明显高于普通低价股；近10日最大单日涨幅约4.7%。MACD仍处死叉，快慢线之间的MACD距已连续两天缩小，属于死叉修复状态，位于上方区域。
2025-09-08,1,极度推荐,1,84.2,82.9,67.0,85.0,91.0,95.1,100.0,0.0,56.4,81.4,601956,东贝集团,48.8,2.49,53.7,53.62,多头,-0.99,-8.85,当前仍站在20日线之上，20日线相对60日线高约2.2%，但短线均线结构还不算特别强。近20日上涨约-1.0%，更像整理后的早期抬升，方向性仍需后续确认。近期5/20成交量比约0.80，量能处于收缩状态，但当前量比约1.16，启动力度还需要继续观察。过去250个交易日有7次涨停，历史弹性明显高于普通低价股；近10日最大单日涨幅约2.9%。MACD仍处死叉，快慢线之间的MACD距已连续两天缩小，属于死叉修复状态，位于跨零轴区域。
2025-09-08,2,极度推荐,2,84.1,82.3,68.4,95.0,91.0,83.1,95.0,0.0,59.3,79.5,601279,英利汽车,60.6,1.66,54.9,57.14,多头,2.39,-17.53,当前仍站在20日线之上，20日线相对60日线高约3.3%，但短线均线结构还不算特别强。近20日上涨约2.4%，更像整理后的早期抬升，方向性仍需后续确认。近期量能没有明显收缩，5/20成交量比约0.95，因此“底部缩量”的特征并不突出。过去250个交易日有6次涨停，历史弹性明显高于普通低价股；近10日最大单日涨幅约2.9%。MACD仍处死叉，快慢线之间的MACD距已连续两天缩小，属于死叉修复状态，位于上方区域。
2025-09-09,1,极度推荐,1,87.5,86.0,66.2,95.0,100.0,93.1,100.0,0.0,44.6,81.4,603017,中衡设计,44.4,0.93,53.2,52.92,多头,-0.61,-4.95,当前仍站在20日线之上，20日线相对60日线高约0.1%，但短线均线结构还不算特别强。近20日上涨约-0.6%，更像整理后的早期抬升，方向性仍需后续确认。5/20成交量比约0.68，前期有明显缩量，而当前量比约1.55，属于“先缩量、再温和放量”的状态，这一点比较贴合当前策略。过去250个交易日有5次涨停，历史弹性明显高于普通低价股；近10日最大单日涨幅约1.8%。MACD仍处死叉，快慢线之间的MACD距已连续两天缩小，属于死叉修复状态，位于下方区域。
2025-09-10,1,极度推荐,1,81.8,80.7,67.7,70.0,90.0,98.1,100.0,0.0,72.0,82.6,000514,渝开发,50.6,0.73,53.8,49.13,多头,-2.64,-26.75,价格虽然进入候选，但均线结构并不算漂亮，后续更依赖实际承接而不是单纯趋势延续。近20日上涨约-2.6%，更像整理后的早期抬升，方向性仍需后续确认。5/20成交量比约0.62，前期有明显缩量，而当前量比约1.05，属于“先缩量、再温和放量”的状态，这一点比较贴合当前策略。过去250个交易日有7次涨停，历史弹性明显高于普通低价股；近10日最大单日涨幅约1.7%。MACD仍处死叉，快慢线之间的MACD距已连续两天缩小，属于死叉修复状态，位于下方区域。
2025-09-11,1,极度推荐,1,77.3,76.2,61.3,57.0,100.0,84.1,100.0,0.0,66.5,86.1,000889,中嘉博创,44.1,1.12,46.6,44.48,多头,-6.96,-19.6,价格虽然进入候选，但均线结构并不算漂亮，后续更依赖实际承接而不是单纯趋势延续。近20日上涨约-7.0%，更像整理后的早期抬升，方向性仍需后续确认。5/20成交量比约0.79，前期有明显缩量，而当前量比约1.15，属于“先缩量、再温和放量”的状态，这一点比较贴合当前策略。过去250个交易日有6次涨停，历史弹性明显高于普通低价股；近10日最大单日涨幅约2.0%。MACD仍处死叉，快慢线之间的MACD距已连续两天缩小，属于死叉修复状态，位于下方区域。
2025-09-11,2,极度推荐,2,75.7,74.8,71.5,57.0,83.0,76.7,95.0,0.0,79.3,78.5,002177,御银股份,64.8,2.31,60.1,53.12,多头,15.99,-23.27,价格虽然进入候选，但均线结构并不算漂亮，后续更依赖实际承接而不是单纯趋势延续。近20日上涨约16.0%，更像整理后的早期抬升，方向性仍需后续确认。5/20成交量比约0.45，前期有明显缩量，而当前量比约1.28，属于“先缩量、再温和放量”的状态，这一点比较贴合当前策略。过去250个交易日有10次涨停，历史弹性明显高于普通低价股；近10日最大单日涨幅约2.8%。MACD仍处死叉，快慢线之间的MACD距已连续两天缩小，属于死叉修复状态，位于上方区域。
2025-09-11,3,极度推荐,3,73.6,74.9,64.1,57.0,87.0,87.1,95.0,3.0,77.3,80.1,002471,中超控股,67.4,2.17,50.7,48.66,多头,-1.46,-10.46,价格虽然进入候选，但均线结构并不算漂亮，后续更依赖实际承接而不是单纯趋势延续。近20日上涨约-1.5%，更像整理后的早期抬升，方向性仍需后续确认。5/20成交量比约0.53，前期有明显缩量，而当前量比约1.34，属于“先缩量、再温和放量”的状态，这一点比较贴合当前策略。过去250个交易日有15次涨停，历史弹性明显高于普通低价股；近10日最大单日涨幅约2.2%。MACD仍处死叉，快慢线之间的MACD距已连续两天缩小，属于死叉修复状态，位于下方区域。
2025-09-12,1,极度推荐,1,87.5,88.9,75.2,100.0,91.0,88.1,95.0,0.0,48.1,76.8,000670,盈方微,72.2,2.15,64.0,56.8,多头,12.03,-12.75,当前仍站在20日线之上，20日线相对60日线高约10.2%，但短线均线结构还不算特别强。近20日上涨约12.0%，更像整理后的早期抬升，方向性仍需后续确认。5/20成交量比约0.53，前期有明显缩量，而当前量比约1.49，属于“先缩量、再温和放量”的状态，这一点比较贴合当前策略。过去250个交易日有5次涨停，历史弹性明显高于普通低价股；近10日最大单日涨幅约4.7%。MACD仍处死叉，快慢线之间的MACD距已连续两天缩小，属于死叉修复状态，位于上方区域。
2025-09-12,2,极度推荐,2,85.7,87.6,70.8,95.0,80.0,100.0,100.0,0.0,56.0,76.5,600770,综艺股份,73.1,1.5,58.9,58.6,多头,8.54,-6.01,当前仍站在20日线之上，20日线相对60日线高约5.8%，但短线均线结构还不算特别强。近20日上涨约8.5%，近5日约4.3%，上涨速度相对温和，没有明显进入加速末端。5/20成交量比约0.64，前期有明显缩量，而当前量比约1.40，属于“先缩量、再温和放量”的状态，这一点比较贴合当前策略。过去250个交易日有5次涨停，历史弹性明显高于普通低价股；近10日最大单日涨幅约4.9%。MACD仍处死叉，快慢线之间的MACD距已连续两天缩小，属于死叉修复状态，位于上方区域。
2025-09-15,1,极度推荐,1,87.4,89.0,73.1,100.0,91.0,97.1,100.0,0.9,65.0,77.6,000877,天山股份,68.5,1.52,62.2,60.57,多头,16.4,-9.62,当前仍站在20日线之上，20日线相对60日线高约15.0%，但短线均线结构还不算特别强。近20日上涨约16.4%，更像整理后的早期抬升，方向性仍需后续确认。5/20成交量比约0.60，前期有明显缩量，而当前量比约1.37，属于“先缩量、再温和放量”的状态，这一点比较贴合当前策略。过去250个交易日有5次涨停，历史弹性明显高于普通低价股；近10日最大单日涨幅约3.9%。MACD仍处死叉，快慢线之间的MACD距已连续两天缩小，属于死叉修复状态，位于上方区域。
2025-09-15,2,极度推荐,2,83.5,82.5,69.6,85.0,90.0,92.1,100.0,0.7,70.1,79.3,000965,天保基建,43.0,0.45,55.8,53.04,多头,-1.77,-9.02,当前仍站在20日线之上，20日线相对60日线高约3.3%，但短线均线结构还不算特别强。近20日上涨约-1.8%，更像整理后的早期抬升，方向性仍需后续确认。近期5/20成交量比约0.83，量能处于收缩状态，但当前量比约1.17，启动力度还需要继续观察。过去250个交易日有9次涨停，历史弹性明显高于普通低价股；近10日最大单日涨幅约1.9%。MACD仍处死叉，快慢线之间的MACD距已连续两天缩小，属于死叉修复状态，位于下方区域。
2025-09-16,1,极度推荐,1,83.6,86.5,78.8,85.0,90.0,89.1,95.0,2.1,70.0,77.6,600156,华升股份,72.7,1.47,67.4,58.19,多头,20.64,-14.45,当前仍站在20日线之上，20日线相对60日线高约17.3%，但短线均线结构还不算特别强。近20日上涨约20.6%，短线约8.2%，已经偏热，继续追价的性价比下降。5/20成交量比约0.50，前期有明显缩量，而当前量比约1.26，属于“先缩量、再温和放量”的状态，这一点比较贴合当前策略。过去250个交易日有5次涨停，历史弹性明显高于普通低价股；近10日最大单日涨幅约4.9%。MACD仍处死叉，快慢线之间的MACD距已连续两天缩小，属于死叉修复状态，位于上方区域。
2025-09-17,1,极度推荐,1,76.6,76.3,66.7,57.0,90.0,88.1,100.0,0.6,79.3,79.6,002177,御银股份,54.2,0.37,52.8,54.99,多头,-1.82,-22.02,价格虽然进入候选，但均线结构并不算漂亮，后续更依赖实际承接而不是单纯趋势延续。近20日上涨约-1.8%，更像整理后的早期抬升，方向性仍需后续确认。5/20成交量比约0.58，前期有明显缩量，而当前量比约1.28，属于“先缩量、再温和放量”的状态，这一点比较贴合当前策略。过去250个交易日有10次涨停，历史弹性明显高于普通低价股；近10日最大单日涨幅约3.6%。MACD仍处死叉，快慢线之间的MACD距已连续两天缩小，属于死叉修复状态，位于上方区域。
2025-09-18,1,极度推荐,1,75.6,73.8,66.7,80.0,90.0,80.1,40.0,0.0,47.3,71.2,000420,吉林化纤,40.4,0.7,54.0,51.82,多头,-5.09,-9.68,价格虽然进入候选，但均线结构并不算漂亮，后续更依赖实际承接而不是单纯趋势延续。近20日上涨约-5.1%，更像整理后的早期抬升，方向性仍需后续确认。近期5/20成交量比约0.87，量能处于收缩状态，但当前量比约2.45，启动力度还需要继续观察。过去250个交易日有5次涨停，历史弹性明显高于普通低价股；近10日最大单日涨幅约2.4%。MACD仍处死叉，快慢线之间的MACD距已连续两天缩小，属于死叉修复状态，位于上方区域。
2025-09-22,1,极度推荐,1,77.3,76.0,65.2,57.0,98.0,81.1,95.0,0.0,72.0,82.0,603601,再升科技,40.5,2.09,51.8,49.99,多头,-15.01,-19.82,价格虽然进入候选，但均线结构并不算漂亮，后续更依赖实际承接而不是单纯趋势延续。近20日上涨约-15.0%，更像整理后的早期抬升，方向性仍需后续确认。5/20成交量比约0.51，前期有明显缩量，而当前量比约1.03，属于“先缩量、再温和放量”的状态，这一点比较贴合当前策略。过去250个交易日有7次涨停，历史弹性明显高于普通低价股；近10日最大单日涨幅约4.3%。MACD仍处死叉，快慢线之间的MACD距已连续两天缩小，属于死叉修复状态，位于跨零轴区域。
2025-09-25,1,极度推荐,1,84.5,82.8,66.0,95.0,91.0,90.1,100.0,0.0,44.7,78.0,000670,盈方微,39.6,1.03,52.5,53.63,多头,-9.5,-14.4,当前仍站在20日线之上，20日线相对60日线高约6.8%，但短线均线结构还不算特别强。近20日上涨约-9.5%，更像整理后的早期抬升，方向性仍需后续确认。5/20成交量比约0.65，前期有明显缩量，而当前量比约1.37，属于“先缩量、再温和放量”的状态，这一点比较贴合当前策略。过去250个交易日有5次涨停，历史弹性明显高于普通低价股；近10日最大单日涨幅约3.2%。MACD仍处死叉，快慢线之间的MACD距已连续两天缩小，属于死叉修复状态，位于上方区域。
2025-09-26,1,极度推荐,1,78.4,77.5,64.0,68.0,93.0,88.1,100.0,0.0,31.5,74.9,600551,时代出版,33.9,0.47,50.2,37.23,多头,-5.46,-20.43,价格虽然进入候选，但均线结构并不算漂亮，后续更依赖实际承接而不是单纯趋势延续。近20日上涨约-5.5%，更像整理后的早期抬升，方向性仍需后续确认。5/20成交量比约0.80，前期有明显缩量，而当前量比约1.11，属于“先缩量、再温和放量”的状态，这一点比较贴合当前策略。过去250个交易日有5次涨停，历史弹性明显高于普通低价股；近10日最大单日涨幅约1.4%。MACD仍处死叉，快慢线之间的MACD距已连续两天缩小，属于死叉修复状态，位于下方区域。
2025-09-29,1,极度推荐,1,79.1,78.5,67.6,55.0,96.0,86.1,100.0,0.0,49.6,80.4,000637,茂化实华,48.9,1.95,54.3,49.63,多头,-4.35,-8.93,价格虽然进入候选，但均线结构并不算漂亮，后续更依赖实际承接而不是单纯趋势延续。近20日上涨约-4.3%，更像整理后的早期抬升，方向性仍需后续确认。5/20成交量比约0.68，前期有明显缩量，而当前量比约1.21，属于“先缩量、再温和放量”的状态，这一点比较贴合当前策略。过去250个交易日有5次涨停，历史弹性明显高于普通低价股；近10日最大单日涨幅约2.0%。MACD仍处死叉，快慢线之间的MACD距已连续两天缩小，属于死叉修复状态，位于下方区域。
2025-09-30,1,极度推荐,1,83.3,82.6,66.9,100.0,91.0,81.1,100.0,1.3,43.6,75.3,600684,珠江股份,61.4,3.61,70.9,65.51,多头,19.02,-4.68,当前仍站在20日线之上，20日线相对60日线高约16.4%，但短线均线结构还不算特别强。近20日上涨约19.0%，更像整理后的早期抬升，方向性仍需后续确认。5/20成交量比约0.55，前期有明显缩量，而当前量比约1.27，属于“先缩量、再温和放量”的状态，这一点比较贴合当前策略。过去250个交易日有5次涨停，历史弹性明显高于普通低价股；近10日最大单日涨幅约3.6%。MACD仍处死叉，快慢线之间的MACD距已连续两天缩小，属于死叉修复状态，位于上方区域。
2025-10-09,1,极度推荐,1,84.8,82.4,59.5,100.0,100.0,85.1,100.0,0.0,65.0,85.4,002256,兆新股份,46.5,2.56,52.9,58.34,多头,-9.09,-19.8,当前收盘3.20，短中期均线呈多头排列，20日线高于60日线约14.9%，属于趋势保持较好的抬升结构。近20日上涨约-9.1%，更像整理后的早期抬升，方向性仍需后续确认。5/20成交量比约0.63，前期有明显缩量，而当前量比约1.24，属于“先缩量、再温和放量”的状态，这一点比较贴合当前策略。过去250个交易日有5次涨停，历史弹性明显高于普通低价股；近10日最大单日涨幅约3.3%。MACD仍处死叉，快慢线之间的MACD距已连续两天缩小，属于死叉修复状态，位于上方区域。
2025-10-09,2,极度推荐,2,83.9,82.0,66.0,95.0,90.0,87.1,95.0,0.0,53.0,79.0,600770,综艺股份,35.5,1.39,52.4,51.15,多头,0.34,-10.32,当前仍站在20日线之上，20日线相对60日线高约1.4%，但短线均线结构还不算特别强。近20日上涨约0.3%，更像整理后的早期抬升，方向性仍需后续确认。近期量能没有明显收缩，5/20成交量比约0.99，因此“底部缩量”的特征并不突出。过去250个交易日有5次涨停，历史弹性明显高于普通低价股；近10日最大单日涨幅约2.9%。MACD仍处死叉，快慢线之间的MACD距已连续两天缩小，属于死叉修复状态，位于下方区域。
2025-10-09,3,极度推荐,3,80.0,79.5,63.0,68.0,93.0,96.1,100.0,0.0,38.6,76.8,603128,华贸物流,48.1,0.67,48.9,40.89,多头,-0.5,-11.62,价格虽然进入候选，但均线结构并不算漂亮，后续更依赖实际承接而不是单纯趋势延续。近20日上涨约-0.5%，更像整理后的早期抬升，方向性仍需后续确认。5/20成交量比约0.61，前期有明显缩量，而当前量比约1.12，属于“先缩量、再温和放量”的状态，这一点比较贴合当前策略。过去250个交易日有5次涨停，历史弹性明显高于普通低价股；近10日最大单日涨幅约0.7%。MACD仍处死叉，快慢线之间的MACD距已连续两天缩小，属于死叉修复状态，位于下方区域。
2025-10-10,1,极度推荐,1,78.7,78.0,66.8,57.0,100.0,78.1,100.0,0.0,48.0,85.1,600448,华纺股份,60.6,2.07,53.5,48.07,多头,-0.58,-16.06,价格虽然进入候选，但均线结构并不算漂亮，后续更依赖实际承接而不是单纯趋势延续。近20日上涨约-0.6%，更像整理后的早期抬升，方向性仍需后续确认。5/20成交量比约0.56，前期有明显缩量，而当前量比约1.48，属于“先缩量、再温和放量”的状态，这一点比较贴合当前策略。过去250个交易日有5次涨停，历史弹性明显高于普通低价股；近10日最大单日涨幅约2.1%。MACD仍处死叉，快慢线之间的MACD距已连续两天缩小，属于死叉修复状态，位于下方区域。
2025-10-10,2,极度推荐,2,78.0,77.0,64.6,57.0,100.0,78.1,95.0,0.0,63.3,83.7,600249,两面针,62.0,1.52,51.2,49.08,多头,0.67,-15.01,价格虽然进入候选，但均线结构并不算漂亮，后续更依赖实际承接而不是单纯趋势延续。近20日上涨约0.7%，更像整理后的早期抬升，方向性仍需后续确认。5/20成交量比约0.41，前期有明显缩量，而当前量比约1.50，属于“先缩量、再温和放量”的状态，这一点比较贴合当前策略。过去250个交易日有5次涨停，历史弹性明显高于普通低价股；近10日最大单日涨幅约1.7%。MACD仍处死叉，快慢线之间的MACD距已连续两天缩小，属于死叉修复状态，位于跨零轴区域。
2025-10-13,1,极度推荐,1,74.4,73.4,63.9,65.0,74.0,84.7,100.0,0.0,67.6,73.5,002212,天融信,38.4,0.41,50.7,49.36,多头,-1.01,-27.83,价格虽然进入候选，但均线结构并不算漂亮，后续更依赖实际承接而不是单纯趋势延续。近20日上涨约-1.0%，更像整理后的早期抬升，方向性仍需后续确认。5/20成交量比约0.72，前期有明显缩量，而当前量比约1.04，属于“先缩量、再温和放量”的状态，这一点比较贴合当前策略。过去250个交易日有5次涨停，历史弹性明显高于普通低价股；近10日最大单日涨幅约2.7%。MACD仍处死叉，快慢线之间的MACD距已连续两天缩小，属于死叉修复状态，位于上方区域。
2025-10-14,1,极度推荐,1,74.7,74.0,62.0,57.0,93.0,78.7,95.0,0.0,64.7,81.1,600828,茂业商业,53.1,1.01,48.1,41.52,多头,-9.68,-21.83,价格虽然进入候选，但均线结构并不算漂亮，后续更依赖实际承接而不是单纯趋势延续。近20日上涨约-9.7%，更像整理后的早期抬升，方向性仍需后续确认。5/20成交量比约0.50，前期有明显缩量，而当前量比约1.23，属于“先缩量、再温和放量”的状态，这一点比较贴合当前策略。过去250个交易日有8次涨停，历史弹性明显高于普通低价股；近10日最大单日涨幅约3.3%。MACD仍处死叉，快慢线之间的MACD距已连续两天缩小，属于死叉修复状态，位于下方区域。
2025-10-17,1,极度推荐,1,79.6,78.6,74.8,57.0,100.0,76.1,83.0,0.0,69.2,81.8,000796,凯撒旅业,43.1,0.16,61.9,53.06,多头,-2.35,-15.33,价格虽然进入候选，但均线结构并不算漂亮，后续更依赖实际承接而不是单纯趋势延续。近20日上涨约-2.3%，更像整理后的早期抬升，方向性仍需后续确认。5/20成交量比约0.67，前期有明显缩量，而当前量比约1.62，属于“先缩量、再温和放量”的状态，这一点比较贴合当前策略。过去250个交易日有7次涨停，历史弹性明显高于普通低价股；近10日最大单日涨幅约3.5%。MACD仍处死叉，快慢线之间的MACD距已连续两天缩小，属于死叉修复状态，位于上方区域。
2025-10-20,1,极度推荐,1,76.9,75.9,65.8,70.0,83.0,80.1,95.0,0.0,60.3,76.9,603980,吉华集团,54.9,1.85,52.5,47.04,多头,-2.13,-18.01,价格虽然进入候选，但均线结构并不算漂亮，后续更依赖实际承接而不是单纯趋势延续。近20日上涨约-2.1%，更像整理后的早期抬升，方向性仍需后续确认。5/20成交量比约0.49，前期有明显缩量，而当前量比约1.11，属于“先缩量、再温和放量”的状态，这一点比较贴合当前策略。过去250个交易日有7次涨停，历史弹性明显高于普通低价股；近10日最大单日涨幅约2.4%。MACD仍处死叉，快慢线之间的MACD距已连续两天缩小，属于死叉修复状态，位于下方区域。
2025-10-23,1,极度推荐,1,80.9,79.2,64.1,70.0,100.0,90.1,100.0,0.0,67.6,86.9,002212,天融信,49.0,1.7,50.5,48.26,多头,-5.33,-29.59,价格虽然进入候选，但均线结构并不算漂亮，后续更依赖实际承接而不是单纯趋势延续。近20日上涨约-5.3%，更像整理后的早期抬升，方向性仍需后续确认。5/20成交量比约0.71，前期有明显缩量，而当前量比约1.09，属于“先缩量、再温和放量”的状态，这一点比较贴合当前策略。过去250个交易日有5次涨停，历史弹性明显高于普通低价股；近10日最大单日涨幅约3.4%。MACD仍处死叉，快慢线之间的MACD距已连续两天缩小，属于死叉修复状态，位于下方区域。
2025-10-24,1,极度推荐,1,86.2,84.9,64.7,95.0,100.0,93.1,100.0,0.0,65.7,83.7,600319,亚星化学,40.3,0.0,51.2,53.09,空头,3.3,-12.75,当前仍站在20日线之上，20日线相对60日线高约4.3%，但短线均线结构还不算特别强。近20日上涨约3.3%，近5日约2.0%，上涨速度相对温和，没有明显进入加速末端。5/20成交量比约0.78，前期有明显缩量，而当前量比约1.00，属于“先缩量、再温和放量”的状态，这一点比较贴合当前策略。过去250个交易日有5次涨停，历史弹性明显高于普通低价股；近10日最大单日涨幅约1.5%。MACD仍处死叉，快慢线之间的MACD距已连续两天缩小，属于死叉修复状态，位于上方区域。
2025-10-27,1,极度推荐,1,76.0,74.9,68.6,70.0,90.0,80.1,60.0,0.0,37.7,76.3,000670,盈方微,60.4,1.93,55.4,50.26,多头,-0.59,-18.26,价格虽然进入候选，但均线结构并不算漂亮，后续更依赖实际承接而不是单纯趋势延续。近20日上涨约-0.6%，更像整理后的早期抬升，方向性仍需后续确认。近期5/20成交量比约0.68，量能处于收缩状态，但当前量比约2.07，启动力度还需要继续观察。过去250个交易日有5次涨停，历史弹性明显高于普通低价股；近10日最大单日涨幅约3.0%。MACD仍处死叉，快慢线之间的MACD距已连续两天缩小，属于死叉修复状态，位于下方区域。
2025-10-28,1,极度推荐,1,85.8,84.7,66.4,100.0,83.0,97.1,100.0,0.0,61.8,77.4,000510,新金路,76.7,0.9,54.1,55.58,多头,9.39,-5.25,当前仍站在20日线之上，20日线相对60日线高约3.6%，但短线均线结构还不算特别强。近20日上涨约9.4%，近5日约-0.4%，上涨速度相对温和，没有明显进入加速末端。5/20成交量比约0.75，前期有明显缩量，而当前量比约1.02，属于“先缩量、再温和放量”的状态，这一点比较贴合当前策略。过去250个交易日有9次涨停，历史弹性明显高于普通低价股；近10日最大单日涨幅约2.2%。MACD仍处死叉，快慢线之间的MACD距已连续两天缩小，属于死叉修复状态，位于上方区域。
2025-10-28,2,极度推荐,2,79.5,78.1,66.9,85.0,80.0,74.1,100.0,0.0,60.5,77.7,600468,百利电气,60.3,-0.85,57.4,52.78,多头,10.0,-14.36,当前仍站在20日线之上，20日线相对60日线高约4.8%，但短线均线结构还不算特别强。近20日上涨约10.0%，近5日约4.8%，上涨速度相对温和，没有明显进入加速末端。5/20成交量比约0.69，前期有明显缩量，而当前量比约1.09，属于“先缩量、再温和放量”的状态，这一点比较贴合当前策略。过去250个交易日有10次涨停，历史弹性明显高于普通低价股；近10日最大单日涨幅约4.1%。MACD仍处死叉，快慢线之间的MACD距已连续两天缩小，属于死叉修复状态，位于上方区域。
2025-10-29,1,极度推荐,1,83.3,81.0,62.3,95.0,100.0,72.1,100.0,0.0,63.6,86.2,603363,傲农生物,40.4,2.96,57.9,53.84,多头,5.25,-15.97,当前仍站在20日线之上，20日线相对60日线高约9.5%，但短线均线结构还不算特别强。近20日上涨约5.3%，近5日约3.8%，上涨速度相对温和，没有明显进入加速末端。近期5/20成交量比约0.83，量能处于收缩状态，但当前量比约1.51，启动力度还需要继续观察。过去250个交易日有5次涨停，历史弹性明显高于普通低价股；近10日最大单日涨幅约4.0%。MACD仍处死叉，快慢线之间的MACD距已连续两天缩小，属于死叉修复状态，位于上方区域。
2025-10-31,1,极度推荐,1,80.2,79.2,64.2,57.0,98.0,93.1,100.0,0.0,73.5,87.1,601908,京运通,58.0,1.23,49.8,47.61,多头,-4.65,-18.0,价格虽然进入候选，但均线结构并不算漂亮，后续更依赖实际承接而不是单纯趋势延续。近20日上涨约-4.7%，更像整理后的早期抬升，方向性仍需后续确认。5/20成交量比约0.65，前期有明显缩量，而当前量比约1.07，属于“先缩量、再温和放量”的状态，这一点比较贴合当前策略。过去250个交易日有11次涨停，历史弹性明显高于普通低价股；近10日最大单日涨幅约2.5%。MACD仍处死叉，快慢线之间的MACD距已连续两天缩小，属于死叉修复状态，位于下方区域。
2025-11-03,1,极度推荐,1,83.1,81.6,62.1,95.0,91.0,82.1,100.0,0.0,43.6,79.7,000890,法尔胜,71.9,2.58,57.1,55.89,多头,7.43,-9.66,当前仍站在20日线之上，20日线相对60日线高约7.9%，但短线均线结构还不算特别强。近20日上涨约7.4%，近5日约3.0%，上涨速度相对温和，没有明显进入加速末端。5/20成交量比约0.55，前期有明显缩量，而当前量比约1.20，属于“先缩量、再温和放量”的状态，这一点比较贴合当前策略。过去250个交易日有5次涨停，历史弹性明显高于普通低价股；近10日最大单日涨幅约2.6%。MACD仍处死叉，快慢线之间的MACD距已连续两天缩小，属于死叉修复状态，位于上方区域。
2025-11-04,1,极度推荐,1,80.5,79.2,68.2,80.0,86.0,83.1,95.0,0.0,84.5,82.6,603839,安正时尚,66.0,1.58,56.3,51.33,多头,7.77,-22.11,价格虽然进入候选，但均线结构并不算漂亮，后续更依赖实际承接而不是单纯趋势延续。近20日上涨约7.8%，近5日约1.2%，上涨速度相对温和，没有明显进入加速末端。5/20成交量比约0.50，前期有明显缩量，而当前量比约1.14，属于“先缩量、再温和放量”的状态，这一点比较贴合当前策略。过去250个交易日有15次涨停，历史弹性明显高于普通低价股；近10日最大单日涨幅约2.0%。MACD仍处死叉，快慢线之间的MACD距已连续两天缩小，属于死叉修复状态，位于上方区域。
2025-11-05,1,极度推荐,1,86.2,85.0,64.1,100.0,86.0,100.0,100.0,0.0,59.2,79.0,601279,英利汽车,77.9,0.91,50.6,52.64,多头,3.74,-6.33,当前仍站在20日线之上，20日线相对60日线高约3.1%，但短线均线结构还不算特别强。近20日上涨约3.7%，近5日约0.2%，上涨速度相对温和，没有明显进入加速末端。5/20成交量比约0.55，前期有明显缩量，而当前量比约1.11，属于“先缩量、再温和放量”的状态，这一点比较贴合当前策略。过去250个交易日有7次涨停，历史弹性明显高于普通低价股；近10日最大单日涨幅约1.3%。MACD仍处死叉，快慢线之间的MACD距已连续两天缩小，属于死叉修复状态，位于上方区域。
2025-11-07,1,极度推荐,1,86.9,85.4,68.3,95.0,93.0,93.7,100.0,0.0,68.6,82.6,002029,七匹狼,62.3,1.75,55.5,58.34,多头,1.86,-9.28,当前仍站在20日线之上，20日线相对60日线高约13.5%，但短线均线结构还不算特别强。近20日上涨约1.9%，更像整理后的早期抬升，方向性仍需后续确认。5/20成交量比约0.73，前期有明显缩量，而当前量比约1.18，属于“先缩量、再温和放量”的状态，这一点比较贴合当前策略。过去250个交易日有5次涨停，历史弹性明显高于普通低价股；近10日最大单日涨幅约3.8%。MACD仍处死叉，快慢线之间的MACD距已连续两天缩小，属于死叉修复状态，位于上方区域。
2025-11-10,1,极度推荐,1,76.1,76.9,64.6,70.0,87.0,87.1,100.0,3.0,83.5,83.1,603839,安正时尚,67.5,2.01,51.1,53.01,多头,-1.3,-21.16,价格虽然进入候选，但均线结构并不算漂亮，后续更依赖实际承接而不是单纯趋势延续。近20日上涨约-1.3%，更像整理后的早期抬升，方向性仍需后续确认。5/20成交量比约0.60，前期有明显缩量，而当前量比约1.03，属于“先缩量、再温和放量”的状态，这一点比较贴合当前策略。过去250个交易日有15次涨停，历史弹性明显高于普通低价股；近10日最大单日涨幅约2.0%。MACD仍处死叉，快慢线之间的MACD距已连续两天缩小，属于死叉修复状态，位于上方区域。
2025-11-11,1,极度推荐,1,80.1,78.8,67.6,70.0,100.0,82.1,78.0,0.0,69.8,82.5,601212,白银有色,64.1,1.52,53.6,58.2,多头,-3.07,-17.92,价格虽然进入候选，但均线结构并不算漂亮，后续更依赖实际承接而不是单纯趋势延续。近20日上涨约-3.1%，更像整理后的早期抬升，方向性仍需后续确认。近期5/20成交量比约0.54，量能处于收缩状态，但当前量比约1.89，启动力度还需要继续观察。过去250个交易日有8次涨停，历史弹性明显高于普通低价股；近10日最大单日涨幅约4.8%。MACD仍处死叉，快慢线之间的MACD距已连续两天缩小，属于死叉修复状态，位于上方区域。
2025-11-13,1,极度推荐,1,83.3,81.8,63.5,85.0,100.0,87.1,95.0,0.0,59.0,85.0,600167,联美控股,58.6,2.09,49.7,49.37,多头,-3.93,-21.31,当前仍站在20日线之上，20日线相对60日线高约9.2%，但短线均线结构还不算特别强。近20日上涨约-3.9%，更像整理后的早期抬升，方向性仍需后续确认。5/20成交量比约0.52，前期有明显缩量，而当前量比约1.42，属于“先缩量、再温和放量”的状态，这一点比较贴合当前策略。过去250个交易日有5次涨停，历史弹性明显高于普通低价股；近10日最大单日涨幅约2.1%。MACD仍处死叉，快慢线之间的MACD距已连续两天缩小，属于死叉修复状态，位于跨零轴区域。
2025-11-14,1,极度推荐,1,77.8,77.1,66.5,57.0,90.0,91.1,95.0,0.0,66.9,79.6,002678,珠江钢琴,59.7,0.58,52.6,53.03,多头,1.17,-25.89,价格虽然进入候选，但均线结构并不算漂亮，后续更依赖实际承接而不是单纯趋势延续。近20日上涨约1.2%，更像整理后的早期抬升，方向性仍需后续确认。5/20成交量比约0.53，前期有明显缩量，而当前量比约1.24，属于“先缩量、再温和放量”的状态，这一点比较贴合当前策略。过去250个交易日有7次涨停，历史弹性明显高于普通低价股；近10日最大单日涨幅约1.8%。MACD仍处死叉，快慢线之间的MACD距已连续两天缩小，属于死叉修复状态，位于上方区域。
2025-11-17,1,极度推荐,1,74.3,73.6,62.7,80.0,75.0,77.7,83.0,0.0,52.3,69.2,001896,豫能控股,47.4,1.16,49.7,54.41,空头,4.26,-6.71,价格虽然进入候选，但均线结构并不算漂亮，后续更依赖实际承接而不是单纯趋势延续。近20日上涨约4.3%，近5日约-1.9%，上涨速度相对温和，没有明显进入加速末端。近期5/20成交量比约0.75，量能处于收缩状态，但当前量比约1.88，启动力度还需要继续观察。过去250个交易日有6次涨停，历史弹性明显高于普通低价股；近10日最大单日涨幅约3.0%。MACD仍处死叉，快慢线之间的MACD距已连续两天缩小，属于死叉修复状态，位于上方区域。
2025-11-18,1,极度推荐,1,90.6,89.3,69.6,100.0,100.0,99.1,100.0,0.0,79.1,86.0,002564,天沃科技,74.4,0.67,57.8,53.1,多头,9.51,-8.74,当前仍站在20日线之上，20日线相对60日线高约3.1%，但短线均线结构还不算特别强。近20日上涨约9.5%，近5日约0.3%，上涨速度相对温和，没有明显进入加速末端。5/20成交量比约0.66，前期有明显缩量，而当前量比约1.06，属于“先缩量、再温和放量”的状态，这一点比较贴合当前策略。过去250个交易日有11次涨停，历史弹性明显高于普通低价股；近10日最大单日涨幅约2.9%。MACD仍处死叉，快慢线之间的MACD距已连续两天缩小，属于死叉修复状态，位于上方区域。
2025-11-25,1,极度推荐,1,87.4,88.7,71.1,95.0,91.0,94.1,100.0,0.0,50.5,80.1,002297,博云新材,63.9,1.33,57.5,54.54,多头,0.33,-7.19,当前仍站在20日线之上，20日线相对60日线高约3.1%，但短线均线结构还不算特别强。近20日上涨约0.3%，更像整理后的早期抬升，方向性仍需后续确认。5/20成交量比约0.80，前期有明显缩量，而当前量比约1.18，属于“先缩量、再温和放量”的状态，这一点比较贴合当前策略。过去250个交易日有6次涨停，历史弹性明显高于普通低价股；近10日最大单日涨幅约4.6%。MACD仍处死叉，快慢线之间的MACD距已连续两天缩小，属于死叉修复状态，位于上方区域。
2025-11-26,1,极度推荐,1,79.0,77.9,71.1,80.0,78.0,72.7,100.0,0.0,53.5,76.9,603335,迪生力,40.8,1.8,59.6,53.06,多头,4.89,-7.3,价格虽然进入候选，但均线结构并不算漂亮，后续更依赖实际承接而不是单纯趋势延续。近20日上涨约4.9%，近5日约0.3%，上涨速度相对温和，没有明显进入加速末端。近期5/20成交量比约0.84，量能处于收缩状态，但当前量比约1.21，启动力度还需要继续观察。过去250个交易日有10次涨停，历史弹性明显高于普通低价股；近10日最大单日涨幅约3.9%。MACD仍处死叉，快慢线之间的MACD距已连续两天缩小，属于死叉修复状态，位于上方区域。
2025-11-27,1,极度推荐,1,84.5,85.4,71.4,100.0,91.0,69.1,95.0,0.0,58.0,78.2,600232,金鹰股份,56.3,2.13,60.0,56.36,多头,8.76,-6.25,当前仍站在20日线之上，20日线相对60日线高约4.9%，但短线均线结构还不算特别强。近20日上涨约8.8%，近5日约0.6%，上涨速度相对温和，没有明显进入加速末端。近期量能没有明显收缩，5/20成交量比约1.14，因此“底部缩量”的特征并不突出。过去250个交易日有6次涨停，历史弹性明显高于普通低价股；近10日最大单日涨幅约3.7%。MACD仍处死叉，快慢线之间的MACD距已连续两天缩小，属于死叉修复状态，位于上方区域。
2025-11-27,2,极度推荐,2,81.6,79.7,67.5,95.0,90.0,69.1,87.0,0.0,47.4,74.5,600800,渤海化学,43.9,-0.25,58.4,52.09,多头,7.71,-5.81,当前仍站在20日线之上，20日线相对60日线高约0.8%，但短线均线结构还不算特别强。近20日上涨约7.7%，近5日约2.3%，上涨速度相对温和，没有明显进入加速末端。近期量能没有明显收缩，5/20成交量比约1.26，因此“底部缩量”的特征并不突出。过去250个交易日有7次涨停，历史弹性明显高于普通低价股；近10日最大单日涨幅约3.6%。MACD仍处死叉，快慢线之间的MACD距已连续两天缩小，属于死叉修复状态，位于下方区域。
2025-11-28,1,极度推荐,1,80.7,79.7,64.3,70.0,100.0,87.1,100.0,0.0,64.1,86.7,601956,东贝集团,59.8,1.7,50.3,43.69,多头,-6.99,-21.25,价格虽然进入候选，但均线结构并不算漂亮，后续更依赖实际承接而不是单纯趋势延续。近20日上涨约-7.0%，更像整理后的早期抬升，方向性仍需后续确认。5/20成交量比约0.61，前期有明显缩量，而当前量比约1.08，属于“先缩量、再温和放量”的状态，这一点比较贴合当前策略。过去250个交易日有9次涨停，历史弹性明显高于普通低价股；近10日最大单日涨幅约1.7%。MACD仍处死叉，快慢线之间的MACD距已连续两天缩小，属于死叉修复状态，位于下方区域。
2025-12-01,1,极度推荐,1,83.2,84.7,70.2,100.0,86.0,75.1,100.0,0.0,65.3,79.3,600156,华升股份,64.3,2.23,58.1,53.55,空头,4.79,-13.88,当前仍站在20日线之上，20日线相对60日线高约3.2%，但短线均线结构还不算特别强。近20日上涨约4.8%，更像整理后的早期抬升，方向性仍需后续确认。5/20成交量比约0.66，前期有明显缩量，而当前量比约1.16，属于“先缩量、再温和放量”的状态，这一点比较贴合当前策略。过去250个交易日有6次涨停，历史弹性明显高于普通低价股；近10日最大单日涨幅约2.5%。MACD仍处死叉，快慢线之间的MACD距已连续两天缩小，属于死叉修复状态，位于上方区域。
2025-12-01,2,极度推荐,2,80.5,80.2,62.9,70.0,96.0,92.1,100.0,0.0,28.6,78.9,603128,华贸物流,56.1,1.02,49.2,41.72,多头,-3.26,-7.04,价格虽然进入候选，但均线结构并不算漂亮，后续更依赖实际承接而不是单纯趋势延续。近20日上涨约-3.3%，更像整理后的早期抬升，方向性仍需后续确认。5/20成交量比约0.62，前期有明显缩量，而当前量比约1.07，属于“先缩量、再温和放量”的状态，这一点比较贴合当前策略。过去250个交易日有5次涨停，历史弹性明显高于普通低价股；近10日最大单日涨幅约1.0%。MACD仍处死叉，快慢线之间的MACD距已连续两天缩小，属于死叉修复状态，位于下方区域。
2025-12-01,3,极度推荐,3,78.3,77.4,71.1,57.0,93.0,78.7,95.0,0.0,70.4,82.4,002256,兆新股份,58.3,0.29,58.6,52.13,多头,12.94,-20.14,价格虽然进入候选，但均线结构并不算漂亮，后续更依赖实际承接而不是单纯趋势延续。近20日上涨约12.9%，近5日约4.2%，上涨速度相对温和，没有明显进入加速末端。5/20成交量比约0.47，前期有明显缩量，而当前量比约1.00，属于“先缩量、再温和放量”的状态，这一点比较贴合当前策略。过去250个交易日有7次涨停，历史弹性明显高于普通低价股；近10日最大单日涨幅约3.0%。MACD仍处死叉，快慢线之间的MACD距已连续两天缩小，属于死叉修复状态，位于上方区域。
2025-12-01,4,极度推荐,4,76.7,75.2,63.3,57.0,100.0,75.1,95.0,0.0,69.0,84.2,601608,中信重工,40.8,1.49,49.4,50.49,多头,-7.73,-18.56,价格虽然进入候选，但均线结构并不算漂亮，后续更依赖实际承接而不是单纯趋势延续。近20日上涨约-7.7%，更像整理后的早期抬升，方向性仍需后续确认。近期量能没有明显收缩，5/20成交量比约0.91，因此“底部缩量”的特征并不突出。过去250个交易日有5次涨停，历史弹性明显高于普通低价股；近10日最大单日涨幅约2.4%。MACD仍处死叉，快慢线之间的MACD距已连续两天缩小，属于死叉修复状态，位于跨零轴区域。
2025-12-02,1,极度推荐,1,85.1,86.2,71.6,85.0,100.0,77.1,100.0,0.0,56.3,84.4,002593,日上集团,65.5,1.65,59.7,55.51,多头,4.95,-20.13,当前仍站在20日线之上，20日线相对60日线高约8.3%，但短线均线结构还不算特别强。近20日上涨约4.9%，近5日约4.9%，上涨速度相对温和，没有明显进入加速末端。5/20成交量比约0.65，前期有明显缩量，而当前量比约1.06，属于“先缩量、再温和放量”的状态，这一点比较贴合当前策略。过去250个交易日有5次涨停，历史弹性明显高于普通低价股；近10日最大单日涨幅约3.2%。MACD仍处死叉，快慢线之间的MACD距已连续两天缩小，属于死叉修复状态，位于上方区域。
2025-12-02,2,极度推荐,2,82.6,83.8,70.6,70.0,100.0,76.1,100.0,0.0,68.7,85.3,000796,凯撒旅业,51.1,1.41,58.7,53.43,多头,6.04,-14.49,价格虽然进入候选，但均线结构并不算漂亮，后续更依赖实际承接而不是单纯趋势延续。近20日上涨约6.0%，近5日约3.7%，上涨速度相对温和，没有明显进入加速末端。5/20成交量比约0.59，前期有明显缩量，而当前量比约1.08，属于“先缩量、再温和放量”的状态，这一点比较贴合当前策略。过去250个交易日有8次涨停，历史弹性明显高于普通低价股；近10日最大单日涨幅约3.7%。MACD仍处死叉，快慢线之间的MACD距已连续两天缩小，属于死叉修复状态，位于上方区域。
2025-12-03,1,极度推荐,1,81.3,82.5,71.3,70.0,100.0,70.1,100.0,0.0,63.3,85.3,002658,雪迪龙,48.4,1.63,59.2,50.82,多头,1.75,-15.91,价格虽然进入候选，但均线结构并不算漂亮，后续更依赖实际承接而不是单纯趋势延续。近20日上涨约1.8%，更像整理后的早期抬升，方向性仍需后续确认。5/20成交量比约0.62，前期有明显缩量，而当前量比约1.45，属于“先缩量、再温和放量”的状态，这一点比较贴合当前策略。过去250个交易日有5次涨停，历史弹性明显高于普通低价股；近10日最大单日涨幅约3.6%。MACD仍处死叉，快慢线之间的MACD距已连续两天缩小，属于死叉修复状态，位于跨零轴区域。
2025-12-03,2,极度推荐,2,78.6,79.5,73.8,70.0,100.0,74.1,60.0,0.0,63.7,80.8,601011,宝泰隆,52.2,2.32,60.9,53.29,多头,-8.1,-18.31,价格虽然进入候选，但均线结构并不算漂亮，后续更依赖实际承接而不是单纯趋势延续。近20日上涨约-8.1%，短线约10.6%，已经偏热，继续追价的性价比下降。近期5/20成交量比约0.61，量能处于收缩状态，但当前量比约2.09，启动力度还需要继续观察。过去250个交易日有6次涨停，历史弹性明显高于普通低价股；近10日最大单日涨幅约3.2%。MACD仍处死叉，快慢线之间的MACD距已连续两天缩小，属于死叉修复状态，位于跨零轴区域。
2025-12-04,1,极度推荐,1,75.3,74.7,73.8,57.0,79.0,74.7,95.0,0.0,70.4,73.9,002374,中锐股份,53.7,0.59,62.0,51.49,多头,8.54,-25.92,价格虽然进入候选，但均线结构并不算漂亮，后续更依赖实际承接而不是单纯趋势延续。近20日上涨约8.5%，近5日约4.6%，上涨速度相对温和，没有明显进入加速末端。5/20成交量比约0.50，前期有明显缩量，而当前量比约1.07，属于“先缩量、再温和放量”的状态，这一点比较贴合当前策略。过去250个交易日有7次涨停，历史弹性明显高于普通低价股；近10日最大单日涨幅约3.4%。MACD仍处死叉，快慢线之间的MACD距已连续两天缩小，属于死叉修复状态，位于上方区域。
2025-12-05,1,极度推荐,1,78.5,77.0,61.4,70.0,93.0,87.1,100.0,0.0,49.9,78.6,002546,新联电子,53.8,1.78,47.2,47.96,多头,-10.57,-16.77,价格虽然进入候选，但均线结构并不算漂亮，后续更依赖实际承接而不是单纯趋势延续。近20日上涨约-10.6%，更像整理后的早期抬升，方向性仍需后续确认。5/20成交量比约0.58，前期有明显缩量，而当前量比约1.06，属于“先缩量、再温和放量”的状态，这一点比较贴合当前策略。过去250个交易日有5次涨停，历史弹性明显高于普通低价股；近10日最大单日涨幅约2.3%。MACD仍处死叉，快慢线之间的MACD距已连续两天缩小，属于死叉修复状态，位于下方区域。
2025-12-05,2,极度推荐,2,76.1,74.9,58.9,80.0,72.0,87.1,100.0,0.0,54.9,72.0,002793,罗欣药业,54.5,-0.56,48.3,49.04,多头,-0.74,-8.22,价格虽然进入候选，但均线结构并不算漂亮，后续更依赖实际承接而不是单纯趋势延续。近20日上涨约-0.7%，更像整理后的早期抬升，方向性仍需后续确认。5/20成交量比约0.77，前期有明显缩量，而当前量比约1.53，属于“先缩量、再温和放量”的状态，这一点比较贴合当前策略。过去250个交易日有5次涨停，历史弹性明显高于普通低价股；近10日最大单日涨幅约3.3%。MACD仍处死叉，快慢线之间的MACD距已连续两天缩小，属于死叉修复状态，位于下方区域。
2025-12-08,1,极度推荐,1,74.3,73.0,59.4,57.0,90.0,85.1,95.0,0.0,66.9,77.1,000533,顺钠股份,54.9,0.0,43.6,49.71,多头,-18.61,-23.24,价格虽然进入候选，但均线结构并不算漂亮，后续更依赖实际承接而不是单纯趋势延续。近20日上涨约-18.6%，更像整理后的早期抬升，方向性仍需后续确认。5/20成交量比约0.43，前期有明显缩量，而当前量比约1.23，属于“先缩量、再温和放量”的状态，这一点比较贴合当前策略。过去250个交易日有7次涨停，历史弹性明显高于普通低价股；近10日最大单日涨幅约4.5%。MACD仍处死叉，快慢线之间的MACD距已连续两天缩小，属于死叉修复状态，位于跨零轴区域。
2025-12-08,2,极度推荐,2,73.5,72.6,63.3,57.0,75.0,85.7,100.0,0.0,60.9,75.0,002314,南山控股,41.9,0.98,49.8,47.49,多头,-5.21,-10.43,价格虽然进入候选，但均线结构并不算漂亮，后续更依赖实际承接而不是单纯趋势延续。近20日上涨约-5.2%，更像整理后的早期抬升，方向性仍需后续确认。5/20成交量比约0.76，前期有明显缩量，而当前量比约1.03，属于“先缩量、再温和放量”的状态，这一点比较贴合当前策略。过去250个交易日有5次涨停，历史弹性明显高于普通低价股；近10日最大单日涨幅约1.3%。MACD仍处死叉，快慢线之间的MACD距已连续两天缩小，属于死叉修复状态，位于跨零轴区域。
2025-12-09,1,极度推荐,1,74.6,73.6,65.7,57.0,85.0,74.7,95.0,0.0,70.4,76.2,002256,兆新股份,43.4,0.58,52.7,50.78,多头,-4.71,-21.28,价格虽然进入候选，但均线结构并不算漂亮，后续更依赖实际承接而不是单纯趋势延续。近20日上涨约-4.7%，更像整理后的早期抬升，方向性仍需后续确认。5/20成交量比约0.41，前期有明显缩量，而当前量比约1.20，属于“先缩量、再温和放量”的状态，这一点比较贴合当前策略。过去250个交易日有7次涨停，历史弹性明显高于普通低价股；近10日最大单日涨幅约2.4%。MACD仍处死叉，快慢线之间的MACD距已连续两天缩小，属于死叉修复状态，位于上方区域。
2025-12-09,2,极度推荐,2,73.5,72.7,66.2,57.0,79.0,72.7,95.0,0.0,69.7,73.7,000061,农产品,44.6,0.32,53.7,48.77,多头,1.19,-13.81,价格虽然进入候选，但均线结构并不算漂亮，后续更依赖实际承接而不是单纯趋势延续。近20日上涨约1.2%，更像整理后的早期抬升，方向性仍需后续确认。5/20成交量比约0.42，前期有明显缩量，而当前量比约1.46，属于“先缩量、再温和放量”的状态，这一点比较贴合当前策略。过去250个交易日有6次涨停，历史弹性明显高于普通低价股；近10日最大单日涨幅约1.4%。MACD仍处死叉，快慢线之间的MACD距已连续两天缩小，属于死叉修复状态，位于上方区域。
2025-12-10,1,极度推荐,1,78.0,77.2,58.9,100.0,93.0,63.7,95.0,3.0,87.6,84.2,000892,欢瑞世纪,63.4,-1.27,59.7,52.91,多头,9.1,-20.1,当前仍站在20日线之上，20日线相对60日线高约12.5%，但短线均线结构还不算特别强。近20日上涨约9.1%，近5日约5.0%，上涨速度相对温和，没有明显进入加速末端。近期量能没有明显收缩，5/20成交量比约0.91，因此“底部缩量”的特征并不突出。过去250个交易日有16次涨停，历史弹性明显高于普通低价股；近10日最大单日涨幅约5.0%。MACD仍处死叉，快慢线之间的MACD距已连续两天缩小，属于死叉修复状态，位于上方区域。
2025-12-11,1,极度推荐,1,82.1,83.1,73.0,70.0,100.0,76.1,100.0,0.0,62.5,83.4,603169,兰石重装,39.5,1.24,60.9,50.99,多头,-5.21,-18.76,价格虽然进入候选，但均线结构并不算漂亮，后续更依赖实际承接而不是单纯趋势延续。近20日上涨约-5.2%，更像整理后的早期抬升，方向性仍需后续确认。5/20成交量比约0.63，前期有明显缩量，而当前量比约1.16，属于“先缩量、再温和放量”的状态，这一点比较贴合当前策略。过去250个交易日有6次涨停，历史弹性明显高于普通低价股；近10日最大单日涨幅约5.0%。MACD仍处死叉，快慢线之间的MACD距已连续两天缩小，属于死叉修复状态，位于跨零轴区域。
2025-12-17,1,极度推荐,1,86.4,84.2,66.7,95.0,100.0,85.1,100.0,0.0,67.8,86.2,002108,沧州明珠,41.8,0.83,52.4,52.07,多头,-7.97,-14.16,当前仍站在20日线之上，20日线相对60日线高约5.6%，但短线均线结构还不算特别强。近20日上涨约-8.0%，更像整理后的早期抬升，方向性仍需后续确认。5/20成交量比约0.79，前期有明显缩量，而当前量比约1.13，属于“先缩量、再温和放量”的状态，这一点比较贴合当前策略。过去250个交易日有6次涨停，历史弹性明显高于普通低价股；近10日最大单日涨幅约3.2%。MACD仍处死叉，快慢线之间的MACD距已连续两天缩小，属于死叉修复状态，位于上方区域。
2025-12-19,1,极度推荐,1,77.8,77.2,67.3,57.0,90.0,87.1,100.0,0.0,50.7,80.5,000558,天府文旅,68.4,1.68,53.7,48.93,多头,3.42,-23.35,价格虽然进入候选，但均线结构并不算漂亮，后续更依赖实际承接而不是单纯趋势延续。近20日上涨约3.4%，近5日约3.0%，上涨速度相对温和，没有明显进入加速末端。5/20成交量比约0.59，前期有明显缩量，而当前量比约1.30，属于“先缩量、再温和放量”的状态，这一点比较贴合当前策略。过去250个交易日有6次涨停，历史弹性明显高于普通低价股；近10日最大单日涨幅约1.7%。MACD仍处死叉，快慢线之间的MACD距已连续两天缩小，属于死叉修复状态，位于下方区域。
2025-12-19,2,极度推荐,2,76.1,75.8,64.7,58.0,90.0,84.1,100.0,0.0,44.9,80.2,603980,吉华集团,55.8,1.78,50.7,43.86,多头,-0.77,-18.28,价格虽然进入候选，但均线结构并不算漂亮，后续更依赖实际承接而不是单纯趋势延续。近20日上涨约-0.8%，更像整理后的早期抬升，方向性仍需后续确认。近期5/20成交量比约0.83，量能处于收缩状态，但当前量比约1.03，启动力度还需要继续观察。过去250个交易日有7次涨停，历史弹性明显高于普通低价股；近10日最大单日涨幅约1.8%。MACD仍处死叉，快慢线之间的MACD距已连续两天缩小，属于死叉修复状态，位于下方区域。
2025-12-19,3,极度推荐,3,73.3,72.4,60.1,57.0,83.0,77.1,100.0,0.0,55.8,80.2,000545,金浦钛业,58.7,2.85,54.8,46.06,多头,4.71,-16.47,价格虽然进入候选，但均线结构并不算漂亮，后续更依赖实际承接而不是单纯趋势延续。近20日上涨约4.7%，近5日约2.1%，上涨速度相对温和，没有明显进入加速末端。5/20成交量比约0.62，前期有明显缩量，而当前量比约1.08，属于“先缩量、再温和放量”的状态，这一点比较贴合当前策略。过去250个交易日有7次涨停，历史弹性明显高于普通低价股；近10日最大单日涨幅约2.8%。MACD仍处死叉，快慢线之间的MACD距已连续两天缩小，属于死叉修复状态，位于下方区域。
2025-12-23,1,极度推荐,1,88.5,89.4,76.5,95.0,100.0,81.1,100.0,0.0,63.2,84.0,002578,闽发铝业,62.1,0.22,64.5,53.6,多头,13.97,-16.3,当前仍站在20日线之上，20日线相对60日线高约11.5%，但短线均线结构还不算特别强。近20日上涨约14.0%，短线约8.6%，已经偏热，继续追价的性价比下降。5/20成交量比约0.74，前期有明显缩量，而当前量比约1.10，属于“先缩量、再温和放量”的状态，这一点比较贴合当前策略。过去250个交易日有8次涨停，历史弹性明显高于普通低价股；近10日最大单日涨幅约4.9%。MACD仍处死叉，快慢线之间的MACD距已连续两天缩小，属于死叉修复状态，位于上方区域。
2025-12-23,2,极度推荐,2,79.8,79.2,67.0,65.0,90.0,85.1,100.0,0.0,70.9,80.4,600281,华阳新材,70.6,0.5,54.1,48.92,多头,1.51,-11.92,价格虽然进入候选，但均线结构并不算漂亮，后续更依赖实际承接而不是单纯趋势延续。近20日上涨约1.5%，更像整理后的早期抬升，方向性仍需后续确认。5/20成交量比约0.57，前期有明显缩量，而当前量比约1.60，属于“先缩量、再温和放量”的状态，这一点比较贴合当前策略。过去250个交易日有13次涨停，历史弹性明显高于普通低价股；近10日最大单日涨幅约2.2%。MACD仍处死叉，快慢线之间的MACD距已连续两天缩小，属于死叉修复状态，位于下方区域。
2025-12-24,1,极度推荐,1,78.4,83.4,72.6,85.0,90.0,92.1,100.0,6.0,62.0,83.1,002790,瑞尔特,70.3,2.49,60.0,51.88,多头,3.78,-31.54,当前仍站在20日线之上，20日线相对60日线高约2.9%，但短线均线结构还不算特别强。近20日上涨约3.8%，短线约8.4%，已经偏热，继续追价的性价比下降。5/20成交量比约0.75，前期有明显缩量，而当前量比约1.02，属于“先缩量、再温和放量”的状态，这一点比较贴合当前策略。过去250个交易日有5次涨停，历史弹性明显高于普通低价股；近10日最大单日涨幅约4.8%。MACD仍处死叉，快慢线之间的MACD距已连续两天缩小，属于死叉修复状态，位于下方区域。
2025-12-26,1,极度推荐,1,76.7,75.1,60.9,57.0,100.0,76.1,100.0,0.0,75.0,88.0,600635,大众公用,51.8,1.69,46.1,45.61,多头,-19.44,-21.07,价格虽然进入候选，但均线结构并不算漂亮，后续更依赖实际承接而不是单纯趋势延续。近20日上涨约-19.4%，更像整理后的早期抬升，方向性仍需后续确认。5/20成交量比约0.58，前期有明显缩量，而当前量比约1.29，属于“先缩量、再温和放量”的状态，这一点比较贴合当前策略。过去250个交易日有10次涨停，历史弹性明显高于普通低价股；近10日最大单日涨幅约3.3%。MACD仍处死叉，快慢线之间的MACD距已连续两天缩小，属于死叉修复状态，位于下方区域。
2025-12-30,1,极度推荐,1,88.2,90.3,82.0,85.0,90.0,94.1,100.0,0.0,61.6,79.9,002519,银河电子,69.6,1.43,69.8,58.21,多头,7.76,-12.1,当前仍站在20日线之上，20日线相对60日线高约18.7%，但短线均线结构还不算特别强。近20日上涨约7.8%，短线约13.9%，已经偏热，继续追价的性价比下降。5/20成交量比约0.66，前期有明显缩量，而当前量比约1.08，属于“先缩量、再温和放量”的状态，这一点比较贴合当前策略。过去250个交易日有5次涨停，历史弹性明显高于普通低价股；近10日最大单日涨幅约4.5%。MACD仍处死叉，快慢线之间的MACD距已连续两天缩小，属于死叉修复状态，位于上方区域。
2026-01-06,1,极度推荐,1,78.6,77.4,65.1,57.0,96.0,84.1,100.0,0.0,67.8,87.2,002285,世联行,50.0,1.34,51.0,51.15,多头,-1.63,-16.11,价格虽然进入候选，但均线结构并不算漂亮，后续更依赖实际承接而不是单纯趋势延续。近20日上涨约-1.6%，更像整理后的早期抬升，方向性仍需后续确认。5/20成交量比约0.77，前期有明显缩量，而当前量比约1.19，属于“先缩量、再温和放量”的状态，这一点比较贴合当前策略。过去250个交易日有6次涨停，历史弹性明显高于普通低价股；近10日最大单日涨幅约4.6%。MACD仍处死叉，快慢线之间的MACD距已连续两天缩小，属于死叉修复状态，位于上方区域。
2026-01-06,2,极度推荐,2,73.1,72.0,59.1,57.0,88.0,80.1,95.0,0.0,50.7,78.4,600227,赤天化,62.0,2.48,44.8,46.17,多头,-12.37,-20.0,价格虽然进入候选，但均线结构并不算漂亮，后续更依赖实际承接而不是单纯趋势延续。近20日上涨约-12.4%，更像整理后的早期抬升，方向性仍需后续确认。5/20成交量比约0.48，前期有明显缩量，而当前量比约1.31，属于“先缩量、再温和放量”的状态，这一点比较贴合当前策略。过去250个交易日有5次涨停，历史弹性明显高于普通低价股；近10日最大单日涨幅约2.5%。MACD仍处死叉，快慢线之间的MACD距已连续两天缩小，属于死叉修复状态，位于下方区域。
2026-01-07,1,极度推荐,1,86.8,85.0,68.3,100.0,100.0,84.1,83.0,0.0,57.0,80.5,002584,西陇科学,65.8,1.29,55.8,55.61,多头,3.85,-2.98,当前仍站在20日线之上，20日线相对60日线高约4.0%，但短线均线结构还不算特别强。近20日上涨约3.8%，近5日约3.6%，上涨速度相对温和，没有明显进入加速末端。近期5/20成交量比约0.88，量能处于收缩状态，但当前量比约1.69，启动力度还需要继续观察。过去250个交易日有6次涨停，历史弹性明显高于普通低价股；近10日最大单日涨幅约4.1%。MACD仍处死叉，快慢线之间的MACD距已连续两天缩小，属于死叉修复状态，位于上方区域。
2026-01-07,2,极度推荐,2,83.3,82.2,67.7,80.0,91.0,89.1,100.0,0.0,71.0,84.5,002251,步步高,67.2,0.36,54.9,50.78,多头,6.15,-13.75,价格虽然进入候选，但均线结构并不算漂亮，后续更依赖实际承接而不是单纯趋势延续。近20日上涨约6.2%，近5日约2.8%，上涨速度相对温和，没有明显进入加速末端。5/20成交量比约0.58，前期有明显缩量，而当前量比约1.33，属于“先缩量、再温和放量”的状态，这一点比较贴合当前策略。过去250个交易日有10次涨停，历史弹性明显高于普通低价股；近10日最大单日涨幅约2.8%。MACD仍处死叉，快慢线之间的MACD距已连续两天缩小，属于死叉修复状态，位于跨零轴区域。
2026-01-08,1,极度推荐,1,80.4,78.6,61.6,85.0,90.0,96.1,83.0,0.0,67.0,81.7,600981,苏豪汇鸿,59.3,2.17,47.3,51.84,多头,-11.56,-19.76,当前仍站在20日线之上，20日线相对60日线高约5.2%，但短线均线结构还不算特别强。近20日上涨约-11.6%，更像整理后的早期抬升，方向性仍需后续确认。5/20成交量比约0.68，前期有明显缩量，而当前量比约1.63，属于“先缩量、再温和放量”的状态，这一点比较贴合当前策略。过去250个交易日有5次涨停，历史弹性明显高于普通低价股；近10日最大单日涨幅约2.2%。MACD仍处死叉，快慢线之间的MACD距已连续两天缩小，属于死叉修复状态，位于跨零轴区域。
2026-01-09,1,极度推荐,1,80.4,79.2,64.3,70.0,90.0,93.1,100.0,0.0,70.4,84.5,600868,梅雁吉祥,58.2,0.57,49.2,52.14,多头,-6.08,-14.46,价格虽然进入候选，但均线结构并不算漂亮，后续更依赖实际承接而不是单纯趋势延续。近20日上涨约-6.1%，更像整理后的早期抬升，方向性仍需后续确认。5/20成交量比约0.61，前期有明显缩量，而当前量比约1.05，属于“先缩量、再温和放量”的状态，这一点比较贴合当前策略。过去250个交易日有7次涨停，历史弹性明显高于普通低价股；近10日最大单日涨幅约2.6%。MACD仍处死叉，快慢线之间的MACD距已连续两天缩小，属于死叉修复状态，位于上方区域。
2026-01-09,2,极度推荐,2,78.4,77.4,59.6,65.0,91.0,96.1,100.0,0.0,51.7,82.4,603366,日出东方,64.1,0.41,44.9,47.17,多头,-3.48,-27.54,价格虽然进入候选，但均线结构并不算漂亮，后续更依赖实际承接而不是单纯趋势延续。近20日上涨约-3.5%，更像整理后的早期抬升，方向性仍需后续确认。5/20成交量比约0.64，前期有明显缩量，而当前量比约1.30，属于“先缩量、再温和放量”的状态，这一点比较贴合当前策略。过去250个交易日有5次涨停，历史弹性明显高于普通低价股；近10日最大单日涨幅约1.0%。MACD仍处死叉，快慢线之间的MACD距已连续两天缩小，属于死叉修复状态，位于下方区域。
2026-01-12,1,极度推荐,1,87.3,85.5,62.3,95.0,100.0,98.1,100.0,0.0,53.7,85.0,000017,深中华A,57.5,1.38,48.3,54.26,多头,2.27,-12.24,当前仍站在20日线之上，20日线相对60日线高约5.6%，但短线均线结构还不算特别强。近20日上涨约2.3%，更像整理后的早期抬升，方向性仍需后续确认。5/20成交量比约0.74，前期有明显缩量，而当前量比约1.19，属于“先缩量、再温和放量”的状态，这一点比较贴合当前策略。过去250个交易日有7次涨停，历史弹性明显高于普通低价股；近10日最大单日涨幅约1.4%。MACD仍处死叉，快慢线之间的MACD距已连续两天缩小，属于死叉修复状态，位于上方区域。
2026-01-12,2,极度推荐,2,84.4,82.3,61.3,100.0,90.0,92.1,100.0,0.0,53.3,83.1,002593,日上集团,50.3,1.0,46.5,51.26,多头,-2.72,-21.17,当前仍站在20日线之上，20日线相对60日线高约0.9%，但短线均线结构还不算特别强。近20日上涨约-2.7%，更像整理后的早期抬升，方向性仍需后续确认。近期5/20成交量比约0.83，量能处于收缩状态，但当前量比约1.03，启动力度还需要继续观察。过去250个交易日有5次涨停，历史弹性明显高于普通低价股；近10日最大单日涨幅约1.4%。MACD仍处死叉，快慢线之间的MACD距已连续两天缩小，属于死叉修复状态，位于下方区域。
2026-01-13,1,极度推荐,1,83.7,82.9,64.7,95.0,91.0,90.1,100.0,0.0,47.0,76.7,605500,森林包装,62.3,0.67,51.8,50.6,空头,5.24,-10.5,价格虽然进入候选，但均线结构并不算漂亮，后续更依赖实际承接而不是单纯趋势延续。近20日上涨约5.2%，近5日约1.0%，上涨速度相对温和，没有明显进入加速末端。5/20成交量比约0.59，前期有明显缩量，而当前量比约1.24，属于“先缩量、再温和放量”的状态，这一点比较贴合当前策略。过去250个交易日有7次涨停，历史弹性明显高于普通低价股；近10日最大单日涨幅约2.8%。MACD仍处死叉，快慢线之间的MACD距已连续两天缩小，属于死叉修复状态，位于上方区域。
2026-01-19,1,极度推荐,1,81.5,79.8,65.4,95.0,83.0,79.1,100.0,0.0,51.5,74.1,002652,扬子新材,70.4,0.0,51.3,53.45,多头,13.84,-17.08,当前仍站在20日线之上，20日线相对60日线高约3.0%，但短线均线结构还不算特别强。近20日上涨约13.8%，近5日约-0.5%，上涨速度相对温和，没有明显进入加速末端。近期5/20成交量比约0.81，量能处于收缩状态，但当前量比约1.03，启动力度还需要继续观察。过去250个交易日有5次涨停，历史弹性明显高于普通低价股；近10日最大单日涨幅约3.6%。MACD仍处死叉，快慢线之间的MACD距已连续两天缩小，属于死叉修复状态，位于上方区域。
2026-01-20,1,极度推荐,1,80.6,78.4,64.1,100.0,80.0,74.1,95.0,0.0,71.0,76.9,002256,兆新股份,38.4,1.9,50.9,55.57,多头,0.8,-13.96,当前仍站在20日线之上，20日线相对60日线高约3.3%，但短线均线结构还不算特别强。近20日上涨约0.8%，更像整理后的早期抬升，方向性仍需后续确认。近期量能没有明显收缩，5/20成交量比约1.01，因此“底部缩量”的特征并不突出。过去250个交易日有8次涨停，历史弹性明显高于普通低价股；近10日最大单日涨幅约4.9%。MACD仍处死叉，快慢线之间的MACD距已连续两天缩小，属于死叉修复状态，位于上方区域。
2026-01-22,1,极度推荐,1,84.0,82.9,63.6,100.0,80.0,95.1,100.0,0.0,52.5,78.0,601068,中铝国际,80.3,1.72,50.1,58.41,多头,4.98,-5.9,当前仍站在20日线之上，20日线相对60日线高约6.4%，但短线均线结构还不算特别强。近20日上涨约5.0%，近5日约1.9%，上涨速度相对温和，没有明显进入加速末端。5/20成交量比约0.62，前期有明显缩量，而当前量比约1.44，属于“先缩量、再温和放量”的状态，这一点比较贴合当前策略。过去250个交易日有6次涨停，历史弹性明显高于普通低价股；近10日最大单日涨幅约1.7%。MACD仍处死叉，快慢线之间的MACD距已连续两天缩小，属于死叉修复状态，位于上方区域。
2026-01-23,1,极度推荐,1,85.5,84.3,60.8,95.0,91.0,100.0,100.0,0.0,54.4,82.4,600960,渤海汽车,80.5,1.46,47.1,54.6,多头,3.15,-6.55,当前仍站在20日线之上，20日线相对60日线高约3.7%，但短线均线结构还不算特别强。近20日上涨约3.2%，近5日约0.9%，上涨速度相对温和，没有明显进入加速末端。5/20成交量比约0.56，前期有明显缩量，而当前量比约1.23，属于“先缩量、再温和放量”的状态，这一点比较贴合当前策略。过去250个交易日有7次涨停，历史弹性明显高于普通低价股；近10日最大单日涨幅约2.0%。MACD仍处死叉，快慢线之间的MACD距已连续两天缩小，属于死叉修复状态，位于上方区域。
2026-01-23,2,极度推荐,2,82.7,81.7,65.8,100.0,83.0,84.7,100.0,0.0,77.5,79.4,601399,国机重装,80.8,2.11,53.4,59.02,空头,11.54,-12.78,当前仍站在20日线之上，20日线相对60日线高约20.8%，但短线均线结构还不算特别强。近20日上涨约11.5%，近5日约2.7%，上涨速度相对温和，没有明显进入加速末端。5/20成交量比约0.62，前期有明显缩量，而当前量比约1.28，属于“先缩量、再温和放量”的状态，这一点比较贴合当前策略。过去250个交易日有10次涨停，历史弹性明显高于普通低价股；近10日最大单日涨幅约4.8%。MACD仍处死叉，快慢线之间的MACD距已连续两天缩小，属于死叉修复状态，位于上方区域。
2026-01-26,1,极度推荐,1,77.3,76.1,63.0,95.0,72.0,79.1,100.0,0.0,70.4,73.0,000952,广济药业,52.8,1.56,51.1,49.88,空头,7.15,-25.24,价格虽然进入候选，但均线结构并不算漂亮，后续更依赖实际承接而不是单纯趋势延续。近20日上涨约7.2%，近5日约-1.5%，上涨速度相对温和，没有明显进入加速末端。5/20成交量比约0.72，前期有明显缩量，而当前量比约1.27，属于“先缩量、再温和放量”的状态，这一点比较贴合当前策略。过去250个交易日有7次涨停，历史弹性明显高于普通低价股；近10日最大单日涨幅约1.6%。MACD仍处死叉，快慢线之间的MACD距已连续两天缩小，属于死叉修复状态，位于跨零轴区域。
2026-01-29,1,极度推荐,1,77.3,75.5,63.1,80.0,85.0,79.7,83.0,0.0,70.7,74.0,600179,安通控股,53.8,0.0,48.1,52.84,多头,-6.56,-21.68,价格虽然进入候选，但均线结构并不算漂亮，后续更依赖实际承接而不是单纯趋势延续。近20日上涨约-6.6%，更像整理后的早期抬升，方向性仍需后续确认。5/20成交量比约0.63，前期有明显缩量，而当前量比约1.69，属于“先缩量、再温和放量”的状态，这一点比较贴合当前策略。过去250个交易日有9次涨停，历史弹性明显高于普通低价股；近10日最大单日涨幅约2.4%。MACD仍处死叉，快慢线之间的MACD距已连续两天缩小，属于死叉修复状态，位于上方区域。
2026-02-03,1,极度推荐,1,85.1,83.2,62.2,100.0,91.0,94.1,100.0,0.0,48.5,81.6,002652,扬子新材,51.6,2.74,56.4,56.03,多头,4.04,-15.23,当前仍站在20日线之上，20日线相对60日线高约2.8%，但短线均线结构还不算特别强。近20日上涨约4.0%，近5日约2.2%，上涨速度相对温和，没有明显进入加速末端。5/20成交量比约0.75，前期有明显缩量，而当前量比约1.20，属于“先缩量、再温和放量”的状态，这一点比较贴合当前策略。过去250个交易日有5次涨停，历史弹性明显高于普通低价股；近10日最大单日涨幅约3.4%。MACD仍处死叉，快慢线之间的MACD距已连续两天缩小，属于死叉修复状态，位于上方区域。
2026-02-04,1,极度推荐,1,88.7,87.4,68.4,95.0,100.0,95.1,100.0,0.0,56.9,83.4,600620,天宸股份,66.9,2.3,54.9,58.15,多头,-0.14,-4.44,当前仍站在20日线之上，20日线相对60日线高约6.1%，但短线均线结构还不算特别强。近20日上涨约-0.1%，更像整理后的早期抬升，方向性仍需后续确认。5/20成交量比约0.72，前期有明显缩量，而当前量比约1.09，属于“先缩量、再温和放量”的状态，这一点比较贴合当前策略。过去250个交易日有5次涨停，历史弹性明显高于普通低价股；近10日最大单日涨幅约2.3%。MACD仍处死叉，快慢线之间的MACD距已连续两天缩小，属于死叉修复状态，位于上方区域。
2026-02-04,2,极度推荐,2,85.5,84.1,65.1,95.0,91.0,96.1,95.0,0.0,50.7,80.4,603617,君禾股份,61.0,0.9,50.8,53.39,多头,0.13,-5.1,当前仍站在20日线之上，20日线相对60日线高约3.1%，但短线均线结构还不算特别强。近20日上涨约0.1%，更像整理后的早期抬升，方向性仍需后续确认。5/20成交量比约0.53，前期有明显缩量，而当前量比约1.02，属于“先缩量、再温和放量”的状态，这一点比较贴合当前策略。过去250个交易日有6次涨停，历史弹性明显高于普通低价股；近10日最大单日涨幅约2.7%。MACD仍处死叉，快慢线之间的MACD距已连续两天缩小，属于死叉修复状态，位于上方区域。
2026-02-04,3,极度推荐,3,84.3,82.9,67.3,95.0,91.0,79.1,100.0,0.0,52.4,80.6,601956,东贝集团,63.9,2.5,54.5,53.78,多头,3.22,-6.11,当前仍站在20日线之上，20日线相对60日线高约1.8%，但短线均线结构还不算特别强。近20日上涨约3.2%，近5日约2.1%，上涨速度相对温和，没有明显进入加速末端。近期5/20成交量比约0.88，量能处于收缩状态，但当前量比约1.09，启动力度还需要继续观察。过去250个交易日有9次涨停，历史弹性明显高于普通低价股；近10日最大单日涨幅约2.5%。MACD仍处死叉，快慢线之间的MACD距已连续两天缩小，属于死叉修复状态，位于上方区域。
2026-02-05,1,极度推荐,1,87.5,88.7,75.2,95.0,100.0,86.1,83.0,0.0,59.5,79.8,000417,合百集团,77.9,2.13,63.8,57.56,多头,10.05,-8.85,当前仍站在20日线之上，20日线相对60日线高约6.4%，但短线均线结构还不算特别强。近20日上涨约10.1%，更像整理后的早期抬升，方向性仍需后续确认。5/20成交量比约0.58，前期有明显缩量，而当前量比约1.67，属于“先缩量、再温和放量”的状态，这一点比较贴合当前策略。过去250个交易日有5次涨停，历史弹性明显高于普通低价股；近10日最大单日涨幅约3.0%。MACD仍处死叉，快慢线之间的MACD距已连续两天缩小，属于死叉修复状态，位于上方区域。
2026-02-05,2,极度推荐,2,79.6,78.8,65.0,55.0,100.0,85.1,100.0,0.0,70.3,87.4,603101,汇嘉时代,55.3,0.82,51.5,47.29,多头,-2.66,-14.68,价格虽然进入候选，但均线结构并不算漂亮，后续更依赖实际承接而不是单纯趋势延续。近20日上涨约-2.7%，更像整理后的早期抬升，方向性仍需后续确认。5/20成交量比约0.65，前期有明显缩量，而当前量比约1.35，属于“先缩量、再温和放量”的状态，这一点比较贴合当前策略。过去250个交易日有9次涨停，历史弹性明显高于普通低价股；近10日最大单日涨幅约1.8%。MACD仍处死叉，快慢线之间的MACD距已连续两天缩小，属于死叉修复状态，位于下方区域。
2026-02-06,1,极度推荐,1,84.6,83.2,64.9,80.0,100.0,92.1,100.0,0.0,48.1,84.5,000809,和展能源,49.3,0.58,51.2,50.33,多头,0.0,-12.91,价格虽然进入候选，但均线结构并不算漂亮，后续更依赖实际承接而不是单纯趋势延续。近20日上涨约0.0%，更像整理后的早期抬升，方向性仍需后续确认。5/20成交量比约0.65，前期有明显缩量，而当前量比约1.17，属于“先缩量、再温和放量”的状态，这一点比较贴合当前策略。过去250个交易日有5次涨停，历史弹性明显高于普通低价股；近10日最大单日涨幅约1.5%。MACD仍处死叉，快慢线之间的MACD距已连续两天缩小，属于死叉修复状态，位于上方区域。
2026-02-09,1,极度推荐,1,86.4,85.1,67.6,95.0,91.0,97.1,100.0,0.0,63.3,82.7,002909,集泰股份,87.1,1.62,54.2,56.31,多头,3.58,-16.05,当前仍站在20日线之上，20日线相对60日线高约3.8%，但短线均线结构还不算特别强。近20日上涨约3.6%，更像整理后的早期抬升，方向性仍需后续确认。5/20成交量比约0.55，前期有明显缩量，而当前量比约1.01，属于“先缩量、再温和放量”的状态，这一点比较贴合当前策略。过去250个交易日有9次涨停，历史弹性明显高于普通低价股；近10日最大单日涨幅约2.7%。MACD仍处死叉，快慢线之间的MACD距已连续两天缩小，属于死叉修复状态，位于上方区域。
2026-02-09,2,极度推荐,2,82.9,81.7,66.3,95.0,80.0,95.1,100.0,0.0,53.9,79.9,000545,金浦钛业,65.0,2.37,52.4,51.63,多头,-5.92,-12.46,当前仍站在20日线之上，20日线相对60日线高约0.2%，但短线均线结构还不算特别强。近20日上涨约-5.9%，更像整理后的早期抬升，方向性仍需后续确认。5/20成交量比约0.66，前期有明显缩量，而当前量比约1.50，属于“先缩量、再温和放量”的状态，这一点比较贴合当前策略。过去250个交易日有8次涨停，历史弹性明显高于普通低价股；近10日最大单日涨幅约4.3%。MACD仍处死叉，快慢线之间的MACD距已连续两天缩小，属于死叉修复状态，位于下方区域。
2026-02-09,3,极度推荐,3,82.4,80.5,58.2,100.0,88.0,82.1,100.0,0.0,64.8,82.6,002348,高乐股份,69.1,2.97,53.0,55.23,多头,2.29,-14.03,当前仍站在20日线之上，20日线相对60日线高约5.1%，但短线均线结构还不算特别强。近20日上涨约2.3%，更像整理后的早期抬升，方向性仍需后续确认。5/20成交量比约0.57，前期有明显缩量，而当前量比约1.38，属于“先缩量、再温和放量”的状态，这一点比较贴合当前策略。过去250个交易日有6次涨停，历史弹性明显高于普通低价股；近10日最大单日涨幅约4.2%。MACD仍处死叉，快慢线之间的MACD距已连续两天缩小，属于死叉修复状态，位于上方区域。
2026-02-10,1,极度推荐,1,82.7,81.7,64.3,70.0,100.0,92.1,100.0,0.0,49.0,83.0,600794,保税科技,57.4,1.05,50.8,48.27,多头,-2.53,-10.05,价格虽然进入候选，但均线结构并不算漂亮，后续更依赖实际承接而不是单纯趋势延续。近20日上涨约-2.5%，更像整理后的早期抬升，方向性仍需后续确认。5/20成交量比约0.71，前期有明显缩量，而当前量比约1.21，属于“先缩量、再温和放量”的状态，这一点比较贴合当前策略。过去250个交易日有8次涨停，历史弹性明显高于普通低价股；近10日最大单日涨幅约1.3%。MACD仍处死叉，快慢线之间的MACD距已连续两天缩小，属于死叉修复状态，位于下方区域。
2026-02-11,1,极度推荐,1,77.3,76.6,63.8,57.0,93.0,85.7,95.0,0.0,57.3,79.7,002331,皖通科技,47.4,0.64,50.2,47.97,多头,-0.53,-12.5,价格虽然进入候选，但均线结构并不算漂亮，后续更依赖实际承接而不是单纯趋势延续。近20日上涨约-0.5%，更像整理后的早期抬升，方向性仍需后续确认。5/20成交量比约0.40，前期有明显缩量，而当前量比约1.11，属于“先缩量、再温和放量”的状态，这一点比较贴合当前策略。过去250个交易日有6次涨停，历史弹性明显高于普通低价股；近10日最大单日涨幅约2.8%。MACD仍处死叉，快慢线之间的MACD距已连续两天缩小，属于死叉修复状态，位于跨零轴区域。
2026-02-12,1,极度推荐,1,87.3,88.5,75.3,100.0,91.0,84.1,95.0,0.0,64.3,77.3,002266,浙富控股,72.4,2.27,64.4,58.78,多头,11.46,-11.59,当前收盘4.96，短中期均线呈多头排列，20日线高于60日线约9.9%，属于趋势保持较好的抬升结构。近20日上涨约11.5%，更像整理后的早期抬升，方向性仍需后续确认。5/20成交量比约0.52，前期有明显缩量，而当前量比约1.15，属于“先缩量、再温和放量”的状态，这一点比较贴合当前策略。过去250个交易日有7次涨停，历史弹性明显高于普通低价股；近10日最大单日涨幅约4.7%。MACD仍处死叉，快慢线之间的MACD距已连续两天缩小，属于死叉修复状态，位于上方区域。
2026-02-12,2,极度推荐,2,80.0,78.8,64.8,95.0,72.0,84.7,100.0,0.0,40.8,73.8,601022,宁波远洋,47.6,0.1,51.4,51.73,多头,0.94,-5.22,当前仍站在20日线之上，20日线相对60日线高约2.8%，但短线均线结构还不算特别强。近20日上涨约0.9%，更像整理后的早期抬升，方向性仍需后续确认。5/20成交量比约0.68，前期有明显缩量，而当前量比约1.06，属于“先缩量、再温和放量”的状态，这一点比较贴合当前策略。过去250个交易日有6次涨停，历史弹性明显高于普通低价股；近10日最大单日涨幅约1.7%。MACD仍处死叉，快慢线之间的MACD距已连续两天缩小，属于死叉修复状态，位于上方区域。
2026-02-13,1,极度推荐,1,75.0,74.4,71.4,57.0,77.0,83.7,95.0,0.0,64.9,73.0,000670,盈方微,43.4,0.95,59.7,52.43,多头,10.48,-23.95,价格虽然进入候选，但均线结构并不算漂亮，后续更依赖实际承接而不是单纯趋势延续。近20日上涨约10.5%，近5日约2.2%，上涨速度相对温和，没有明显进入加速末端。过去250个交易日有8次涨停，历史弹性明显高于普通低价股；近10日最大单日涨幅约2.4%。MACD仍处死叉，快慢线之间的MACD距已连续两天缩小，属于死叉修复状态，位于上方区域。当前处在近120日价格区间的约35%位置，距离近20日平台高点约31.5%，尚未明显脱离底部区域。
2026-02-25,1,极度推荐,1,86.8,85.1,65.3,100.0,91.0,97.1,100.0,0.0,64.0,82.4,600981,苏豪汇鸿,72.3,2.06,52.6,56.17,多头,2.67,-15.61,当前仍站在20日线之上，20日线相对60日线高约1.7%，但短线均线结构还不算特别强。近20日上涨约2.7%，更像整理后的早期抬升，方向性仍需后续确认。5/20成交量比约0.77，前期有明显缩量，而当前量比约1.35，属于“先缩量、再温和放量”的状态，这一点比较贴合当前策略。过去250个交易日有5次涨停，历史弹性明显高于普通低价股；近10日最大单日涨幅约3.4%。MACD仍处死叉，快慢线之间的MACD距已连续两天缩小，属于死叉修复状态，位于上方区域。
2026-02-25,2,极度推荐,2,85.1,83.4,66.7,95.0,90.0,100.0,83.0,0.0,85.4,83.4,000981,山子高科,70.9,1.44,52.0,56.68,多头,-9.04,-13.05,当前仍站在20日线之上，20日线相对60日线高约15.3%，但短线均线结构还不算特别强。近20日上涨约-9.0%，更像整理后的早期抬升，方向性仍需后续确认。近期5/20成交量比约0.67，量能处于收缩状态，但当前量比约1.82，启动力度还需要继续观察。过去250个交易日有21次涨停，历史弹性明显高于普通低价股；近10日最大单日涨幅约5.0%。MACD仍处死叉，快慢线之间的MACD距已连续两天缩小，属于死叉修复状态，位于上方区域。
2026-02-25,3,极度推荐,3,82.4,81.5,66.7,95.0,80.0,94.1,83.0,0.0,70.7,76.6,601608,中信重工,80.8,2.99,62.4,59.85,多头,9.71,-6.72,当前仍站在20日线之上，20日线相对60日线高约8.9%，但短线均线结构还不算特别强。近20日上涨约9.7%，更像整理后的早期抬升，方向性仍需后续确认。5/20成交量比约0.62，前期有明显缩量，而当前量比约1.63，属于“先缩量、再温和放量”的状态，这一点比较贴合当前策略。过去250个交易日有7次涨停，历史弹性明显高于普通低价股；近10日最大单日涨幅约4.3%。MACD仍处死叉，快慢线之间的MACD距已连续两天缩小，属于死叉修复状态，位于上方区域。
2026-02-27,1,极度推荐,1,87.2,86.0,66.8,95.0,93.0,97.7,100.0,0.0,61.7,82.7,600382,广东明珠,69.2,1.33,53.4,56.84,多头,0.66,-7.19,当前仍站在20日线之上，20日线相对60日线高约16.1%，但短线均线结构还不算特别强。近20日上涨约0.7%，更像整理后的早期抬升，方向性仍需后续确认。5/20成交量比约0.61，前期有明显缩量，而当前量比约1.14，属于“先缩量、再温和放量”的状态，这一点比较贴合当前策略。过去250个交易日有5次涨停，历史弹性明显高于普通低价股；近10日最大单日涨幅约3.4%。MACD仍处死叉，快慢线之间的MACD距已连续两天缩小，属于死叉修复状态，位于上方区域。
2026-03-06,1,极度推荐,1,77.6,75.5,60.5,100.0,78.0,63.1,95.0,0.0,50.0,72.1,002172,澳洋健康,38.3,3.0,55.3,55.5,多头,3.0,-4.08,当前仍站在20日线之上，20日线相对60日线高约3.2%，但短线均线结构还不算特别强。近20日上涨约3.0%，更像整理后的早期抬升，方向性仍需后续确认。近期量能没有明显收缩，5/20成交量比约1.16，因此“底部缩量”的特征并不突出。过去250个交易日有6次涨停，历史弹性明显高于普通低价股；近10日最大单日涨幅约3.0%。MACD仍处死叉，快慢线之间的MACD距已连续两天缩小，属于死叉修复状态，位于上方区域。
2026-03-09,1,极度推荐,1,84.5,83.0,69.7,95.0,91.0,81.1,95.0,0.0,49.8,76.6,603176,汇通集团,38.1,0.35,56.5,54.41,多头,-0.52,-6.18,当前仍站在20日线之上，20日线相对60日线高约3.4%，但短线均线结构还不算特别强。近20日上涨约-0.5%，更像整理后的早期抬升，方向性仍需后续确认。近期量能没有明显收缩，5/20成交量比约1.03，因此“底部缩量”的特征并不突出。过去250个交易日有10次涨停，历史弹性明显高于普通低价股；近10日最大单日涨幅约4.7%。MACD仍处死叉，快慢线之间的MACD距已连续两天缩小，属于死叉修复状态，位于上方区域。
2026-03-09,2,极度推荐,2,78.8,77.4,69.3,80.0,86.0,66.1,95.0,0.0,34.9,73.4,603335,迪生力,34.5,0.17,56.4,50.82,多头,2.72,-6.64,价格虽然进入候选，但均线结构并不算漂亮，后续更依赖实际承接而不是单纯趋势延续。近20日上涨约2.7%，更像整理后的早期抬升，方向性仍需后续确认。近期量能没有明显收缩，5/20成交量比约1.06，因此“底部缩量”的特征并不突出。过去250个交易日有10次涨停，历史弹性明显高于普通低价股；近10日最大单日涨幅约3.8%。MACD仍处死叉，快慢线之间的MACD距已连续两天缩小，属于死叉修复状态，位于上方区域。
2026-03-10,1,极度推荐,1,86.7,85.0,67.9,95.0,100.0,82.1,100.0,0.0,48.7,82.3,603617,君禾股份,55.3,2.38,54.7,51.8,多头,2.52,-6.08,当前仍站在20日线之上，20日线相对60日线高约1.3%，但短线均线结构还不算特别强。近20日上涨约2.5%，更像整理后的早期抬升，方向性仍需后续确认。近期5/20成交量比约0.87，量能处于收缩状态，但当前量比约1.07，启动力度还需要继续观察。过去250个交易日有6次涨停，历史弹性明显高于普通低价股；近10日最大单日涨幅约2.4%。MACD仍处死叉，快慢线之间的MACD距已连续两天缩小，属于死叉修复状态，位于下方区域。
2026-03-10,2,极度推荐,2,81.0,80.1,70.2,57.0,100.0,86.1,100.0,0.0,51.0,84.6,600586,金晶科技,64.5,0.15,56.4,50.82,多头,11.68,-18.44,价格虽然进入候选，但均线结构并不算漂亮，后续更依赖实际承接而不是单纯趋势延续。近20日上涨约11.7%，更像整理后的早期抬升，方向性仍需后续确认。5/20成交量比约0.62，前期有明显缩量，而当前量比约1.10，属于“先缩量、再温和放量”的状态，这一点比较贴合当前策略。过去250个交易日有6次涨停，历史弹性明显高于普通低价股；近10日最大单日涨幅约2.0%。MACD仍处死叉，快慢线之间的MACD距已连续两天缩小，属于死叉修复状态，位于上方区域。
2026-03-11,1,极度推荐,1,85.3,84.3,65.3,85.0,100.0,92.1,100.0,0.0,23.3,79.7,600551,时代出版,58.9,0.24,51.3,49.95,多头,-1.62,-5.78,当前仍站在20日线之上，20日线相对60日线高约0.5%，但短线均线结构还不算特别强。近20日上涨约-1.6%，更像整理后的早期抬升，方向性仍需后续确认。5/20成交量比约0.57，前期有明显缩量，而当前量比约1.27，属于“先缩量、再温和放量”的状态，这一点比较贴合当前策略。过去250个交易日有6次涨停，历史弹性明显高于普通低价股；近10日最大单日涨幅约2.7%。MACD仍处死叉，快慢线之间的MACD距已连续两天缩小，属于死叉修复状态，位于下方区域。
2026-03-11,2,极度推荐,2,78.3,77.3,65.7,57.0,100.0,80.1,95.0,0.0,48.7,82.4,000523,红棉股份,48.5,1.36,52.5,45.97,多头,-2.1,-15.42,价格虽然进入候选，但均线结构并不算漂亮，后续更依赖实际承接而不是单纯趋势延续。近20日上涨约-2.1%，更像整理后的早期抬升，方向性仍需后续确认。5/20成交量比约0.45，前期有明显缩量，而当前量比约1.16，属于“先缩量、再温和放量”的状态，这一点比较贴合当前策略。过去250个交易日有5次涨停，历史弹性明显高于普通低价股；近10日最大单日涨幅约3.0%。MACD仍处死叉，快慢线之间的MACD距已连续两天缩小，属于死叉修复状态，位于下方区域。
2026-03-12,1,极度推荐,1,83.0,84.1,71.4,100.0,87.0,73.7,100.0,0.0,72.4,78.5,605006,山东玻纤,58.9,0.94,60.5,56.29,空头,16.35,-15.09,当前仍站在20日线之上，20日线相对60日线高约17.2%，但短线均线结构还不算特别强。近20日上涨约16.3%，更像整理后的早期抬升，方向性仍需后续确认。5/20成交量比约0.77，前期有明显缩量，而当前量比约1.29，属于“先缩量、再温和放量”的状态，这一点比较贴合当前策略。过去250个交易日有9次涨停，历史弹性明显高于普通低价股；近10日最大单日涨幅约4.9%。MACD仍处死叉，快慢线之间的MACD距已连续两天缩小，属于死叉修复状态，位于上方区域。
2026-03-12,2,极度推荐,2,82.1,81.1,64.8,80.0,90.0,88.1,100.0,0.0,49.3,79.8,000965,天保基建,56.8,0.25,51.2,48.54,多头,-3.62,-5.45,价格虽然进入候选，但均线结构并不算漂亮，后续更依赖实际承接而不是单纯趋势延续。近20日上涨约-3.6%，更像整理后的早期抬升，方向性仍需后续确认。5/20成交量比约0.67，前期有明显缩量，而当前量比约1.02，属于“先缩量、再温和放量”的状态，这一点比较贴合当前策略。过去250个交易日有10次涨停，历史弹性明显高于普通低价股；近10日最大单日涨幅约2.6%。MACD仍处死叉，快慢线之间的MACD距已连续两天缩小，属于死叉修复状态，位于下方区域。
2026-03-16,1,极度推荐,1,77.6,76.9,64.3,57.0,88.0,89.1,100.0,0.0,62.8,80.6,000952,广济药业,51.5,1.19,50.8,47.3,多头,-3.9,-12.2,价格虽然进入候选，但均线结构并不算漂亮，后续更依赖实际承接而不是单纯趋势延续。近20日上涨约-3.9%，更像整理后的早期抬升，方向性仍需后续确认。5/20成交量比约0.67，前期有明显缩量，而当前量比约1.05，属于“先缩量、再温和放量”的状态，这一点比较贴合当前策略。过去250个交易日有7次涨停，历史弹性明显高于普通低价股；近10日最大单日涨幅约3.2%。MACD仍处死叉，快慢线之间的MACD距已连续两天缩小，属于死叉修复状态，位于下方区域。
2026-03-16,2,极度推荐,2,75.9,75.1,60.0,85.0,74.0,82.7,100.0,0.0,29.9,66.6,601512,中新集团,40.6,-0.86,49.1,44.55,多头,-4.56,-11.03,当前仍站在20日线之上，20日线相对60日线高约0.6%，但短线均线结构还不算特别强。近20日上涨约-4.6%，更像整理后的早期抬升，方向性仍需后续确认。5/20成交量比约0.79，前期有明显缩量，而当前量比约1.11，属于“先缩量、再温和放量”的状态，这一点比较贴合当前策略。过去250个交易日有5次涨停，历史弹性明显高于普通低价股；近10日最大单日涨幅约1.9%。MACD仍处死叉，快慢线之间的MACD距已连续两天缩小，属于死叉修复状态，位于下方区域。
2026-03-17,1,极度推荐,1,79.8,78.8,65.8,57.0,98.0,90.1,100.0,0.0,73.2,82.1,600173,卧龙新能,53.5,1.15,52.8,47.39,多头,-10.61,-14.84,价格虽然进入候选，但均线结构并不算漂亮，后续更依赖实际承接而不是单纯趋势延续。近20日上涨约-10.6%，更像整理后的早期抬升，方向性仍需后续确认。5/20成交量比约0.71，前期有明显缩量，而当前量比约1.48，属于“先缩量、再温和放量”的状态，这一点比较贴合当前策略。过去250个交易日有10次涨停，历史弹性明显高于普通低价股；近10日最大单日涨幅约3.2%。MACD仍处死叉，快慢线之间的MACD距已连续两天缩小，属于死叉修复状态，位于下方区域。
2026-03-20,1,极度推荐,1,73.0,72.1,68.5,57.0,85.0,68.7,100.0,0.0,78.8,78.7,002218,拓日新能,40.7,0.5,55.5,45.32,空头,-14.06,-26.77,价格虽然进入候选，但均线结构并不算漂亮，后续更依赖实际承接而不是单纯趋势延续。近20日上涨约-14.1%，更像整理后的早期抬升，方向性仍需后续确认。5/20成交量比约0.68，前期有明显缩量，而当前量比约1.36，属于“先缩量、再温和放量”的状态，这一点比较贴合当前策略。过去250个交易日有12次涨停，历史弹性明显高于普通低价股；近10日最大单日涨幅约3.6%。MACD仍处死叉，快慢线之间的MACD距已连续两天缩小，属于死叉修复状态，位于跨零轴区域。
2026-03-25,1,极度推荐,1,73.9,73.8,68.1,57.0,83.0,80.1,95.0,0.0,52.2,74.0,601022,宁波远洋,59.0,2.12,54.5,44.68,多头,-6.9,-18.42,价格虽然进入候选，但均线结构并不算漂亮，后续更依赖实际承接而不是单纯趋势延续。近20日上涨约-6.9%，更像整理后的早期抬升，方向性仍需后续确认。5/20成交量比约0.48，前期有明显缩量，而当前量比约1.13，属于“先缩量、再温和放量”的状态，这一点比较贴合当前策略。过去250个交易日有7次涨停，历史弹性明显高于普通低价股；近10日最大单日涨幅约4.5%。MACD仍处死叉，快慢线之间的MACD距已连续两天缩小，属于死叉修复状态，位于下方区域。
2026-03-27,1,极度推荐,1,80.9,79.8,67.9,57.0,100.0,93.1,100.0,0.0,72.5,87.7,600676,久事动娱,59.2,1.06,54.1,47.85,多头,-6.49,-24.95,价格虽然进入候选，但均线结构并不算漂亮，后续更依赖实际承接而不是单纯趋势延续。近20日上涨约-6.5%，更像整理后的早期抬升，方向性仍需后续确认。5/20成交量比约0.74，前期有明显缩量，而当前量比约1.31，属于“先缩量、再温和放量”的状态，这一点比较贴合当前策略。过去250个交易日有10次涨停，历史弹性明显高于普通低价股；近10日最大单日涨幅约4.1%。MACD仍处死叉，快慢线之间的MACD距已连续两天缩小，属于死叉修复状态，位于下方区域。
2026-03-30,1,极度推荐,1,80.6,80.0,70.6,58.0,96.0,91.1,100.0,0.0,36.4,78.1,000953,中哲精化,48.3,0.99,57.0,50.02,多头,-5.17,-10.05,价格虽然进入候选，但均线结构并不算漂亮，后续更依赖实际承接而不是单纯趋势延续。近20日上涨约-5.2%，短线约11.0%，已经偏热，继续追价的性价比下降。近期5/20成交量比约0.86，量能处于收缩状态，但当前量比约1.09，启动力度还需要继续观察。过去250个交易日有8次涨停，历史弹性明显高于普通低价股；近10日最大单日涨幅约5.0%。MACD仍处死叉，快慢线之间的MACD距已连续两天缩小，属于死叉修复状态，位于下方区域。
2026-03-31,1,极度推荐,1,85.0,85.6,71.0,95.0,100.0,71.1,95.0,0.0,32.7,78.1,600684,珠江股份,29.7,1.01,59.0,52.0,多头,-0.79,-8.56,当前仍站在20日线之上，20日线相对60日线高约3.4%，但短线均线结构还不算特别强。近20日上涨约-0.8%，更像整理后的早期抬升，方向性仍需后续确认。近期量能没有明显收缩，5/20成交量比约1.07，因此“底部缩量”的特征并不突出。过去250个交易日有6次涨停，历史弹性明显高于普通低价股；近10日最大单日涨幅约4.2%。MACD仍处死叉，快慢线之间的MACD距已连续两天缩小，属于死叉修复状态，位于跨零轴区域。
2026-03-31,2,极度推荐,2,77.8,76.9,71.3,55.0,100.0,66.1,95.0,0.0,46.1,78.9,000903,中证A100指数,35.5,1.16,59.4,48.6,多头,-0.76,-8.74,价格虽然进入候选，但均线结构并不算漂亮，后续更依赖实际承接而不是单纯趋势延续。近20日上涨约-0.8%，更像整理后的早期抬升，方向性仍需后续确认。近期量能没有明显收缩，5/20成交量比约1.08，因此“底部缩量”的特征并不突出。过去250个交易日有8次涨停，历史弹性明显高于普通低价股；近10日最大单日涨幅约4.8%。MACD仍处死叉，快慢线之间的MACD距已连续两天缩小，属于死叉修复状态，位于下方区域。
2026-04-03,1,极度推荐,1,74.1,73.0,67.0,57.0,85.0,74.7,95.0,0.0,67.2,74.6,002429,兆驰股份,36.0,0.32,54.8,46.03,多头,-9.91,-23.17,价格虽然进入候选，但均线结构并不算漂亮，后续更依赖实际承接而不是单纯趋势延续。近20日上涨约-9.9%，更像整理后的早期抬升，方向性仍需后续确认。5/20成交量比约0.52，前期有明显缩量，而当前量比约1.03，属于“先缩量、再温和放量”的状态，这一点比较贴合当前策略。过去250个交易日有8次涨停，历史弹性明显高于普通低价股；近10日最大单日涨幅约4.1%。MACD仍处死叉，快慢线之间的MACD距已连续两天缩小，属于死叉修复状态，位于下方区域。
2026-04-08,1,极度推荐,1,79.6,78.6,65.3,70.0,91.0,89.1,95.0,0.0,64.8,82.2,603077,和邦生物,61.2,1.77,50.8,52.66,多头,-1.71,-18.93,价格虽然进入候选，但均线结构并不算漂亮，后续更依赖实际承接而不是单纯趋势延续。近20日上涨约-1.7%，更像整理后的早期抬升，方向性仍需后续确认。5/20成交量比约0.52，前期有明显缩量，而当前量比约1.14，属于“先缩量、再温和放量”的状态，这一点比较贴合当前策略。过去250个交易日有6次涨停，历史弹性明显高于普通低价股；近10日最大单日涨幅约4.8%。MACD仍处死叉，快慢线之间的MACD距已连续两天缩小，属于死叉修复状态，位于上方区域。
2026-04-10,1,极度推荐,1,75.7,74.8,67.6,57.0,88.0,76.7,95.0,0.0,73.5,82.8,002256,兆新股份,60.9,2.11,54.8,46.02,多头,-3.25,-23.21,价格虽然进入候选，但均线结构并不算漂亮，后续更依赖实际承接而不是单纯趋势延续。近20日上涨约-3.2%，更像整理后的早期抬升，方向性仍需后续确认。5/20成交量比约0.48，前期有明显缩量，而当前量比约1.09，属于“先缩量、再温和放量”的状态，这一点比较贴合当前策略。过去250个交易日有10次涨停，历史弹性明显高于普通低价股；近10日最大单日涨幅约2.1%。MACD仍处死叉，快慢线之间的MACD距已连续两天缩小，属于死叉修复状态，位于跨零轴区域。
2026-04-13,1,极度推荐,1,73.9,72.6,61.8,57.0,100.0,66.1,78.0,0.0,63.7,81.7,002285,世联行,47.6,3.11,57.9,50.21,多头,-0.33,-18.8,价格虽然进入候选，但均线结构并不算漂亮，后续更依赖实际承接而不是单纯趋势延续。近20日上涨约-0.3%，更像整理后的早期抬升，方向性仍需后续确认。5/20成交量比约0.50，前期有明显缩量，而当前量比约1.63，属于“先缩量、再温和放量”的状态，这一点比较贴合当前策略。过去250个交易日有7次涨停，历史弹性明显高于普通低价股；近10日最大单日涨幅约3.1%。MACD仍处死叉，快慢线之间的MACD距已连续两天缩小，属于死叉修复状态，位于跨零轴区域。
2026-04-14,1,极度推荐,1,77.2,76.3,68.3,57.0,100.0,80.1,78.0,0.0,65.2,83.6,001258,立新能源,61.0,2.17,55.7,48.44,多头,-2.4,-27.58,价格虽然进入候选，但均线结构并不算漂亮，后续更依赖实际承接而不是单纯趋势延续。近20日上涨约-2.4%，更像整理后的早期抬升，方向性仍需后续确认。5/20成交量比约0.47，前期有明显缩量，而当前量比约1.68，属于“先缩量、再温和放量”的状态，这一点比较贴合当前策略。过去250个交易日有5次涨停，历史弹性明显高于普通低价股；近10日最大单日涨幅约3.8%。MACD仍处死叉，快慢线之间的MACD距已连续两天缩小，属于死叉修复状态，位于跨零轴区域。
2026-04-14,2,极度推荐,2,75.1,74.5,68.8,57.0,78.0,82.7,100.0,0.0,56.5,79.2,000767,晋控电力,59.1,1.34,56.3,49.43,多头,3.29,-26.37,价格虽然进入候选，但均线结构并不算漂亮，后续更依赖实际承接而不是单纯趋势延续。近20日上涨约3.3%，近5日约4.4%，上涨速度相对温和，没有明显进入加速末端。5/20成交量比约0.63，前期有明显缩量，而当前量比约1.41，属于“先缩量、再温和放量”的状态，这一点比较贴合当前策略。过去250个交易日有7次涨停，历史弹性明显高于普通低价股；近10日最大单日涨幅约4.8%。MACD仍处死叉，快慢线之间的MACD距已连续两天缩小，属于死叉修复状态，位于跨零轴区域。
2026-04-15,1,极度推荐,1,74.1,72.8,66.7,57.0,90.0,78.1,83.0,0.0,69.4,78.2,003035,南网能源,51.1,1.7,53.8,47.66,多头,-8.47,-29.27,价格虽然进入候选，但均线结构并不算漂亮，后续更依赖实际承接而不是单纯趋势延续。近20日上涨约-8.5%，更像整理后的早期抬升，方向性仍需后续确认。5/20成交量比约0.56，前期有明显缩量，而当前量比约1.61，属于“先缩量、再温和放量”的状态，这一点比较贴合当前策略。过去250个交易日有7次涨停，历史弹性明显高于普通低价股；近10日最大单日涨幅约4.8%。MACD仍处死叉，快慢线之间的MACD距已连续两天缩小，属于死叉修复状态，位于下方区域。
2026-04-15,2,极度推荐,2,73.1,72.8,68.0,57.0,80.0,74.7,100.0,0.0,68.4,75.4,000037,深南电A,50.6,1.33,56.2,46.48,空头,3.24,-25.02,价格虽然进入候选，但均线结构并不算漂亮，后续更依赖实际承接而不是单纯趋势延续。近20日上涨约3.2%，近5日约0.0%，上涨速度相对温和，没有明显进入加速末端。5/20成交量比约0.57，前期有明显缩量，而当前量比约1.16，属于“先缩量、再温和放量”的状态，这一点比较贴合当前策略。过去250个交易日有7次涨停，历史弹性明显高于普通低价股；近10日最大单日涨幅约4.6%。MACD仍处死叉，快慢线之间的MACD距已连续两天缩小，属于死叉修复状态，位于跨零轴区域。
2026-04-16,1,极度推荐,1,73.2,73.4,59.7,57.0,100.0,80.1,95.0,3.0,76.7,84.9,600468,百利电气,70.3,-0.87,47.6,47.25,多头,-10.81,-23.08,价格虽然进入候选，但均线结构并不算漂亮，后续更依赖实际承接而不是单纯趋势延续。近20日上涨约-10.8%，更像整理后的早期抬升，方向性仍需后续确认。5/20成交量比约0.54，前期有明显缩量，而当前量比约1.22，属于“先缩量、再温和放量”的状态，这一点比较贴合当前策略。过去250个交易日有13次涨停，历史弹性明显高于普通低价股；近10日最大单日涨幅约4.3%。MACD仍处死叉，快慢线之间的MACD距已连续两天缩小，属于死叉修复状态，位于下方区域。
2026-04-17,1,极度推荐,1,78.2,76.7,62.1,70.0,90.0,89.1,100.0,0.0,63.6,81.8,601868,中国能建,52.0,1.04,47.8,48.53,多头,-13.39,-26.14,价格虽然进入候选，但均线结构并不算漂亮，后续更依赖实际承接而不是单纯趋势延续。近20日上涨约-13.4%，更像整理后的早期抬升，方向性仍需后续确认。5/20成交量比约0.63，前期有明显缩量，而当前量比约1.36，属于“先缩量、再温和放量”的状态，这一点比较贴合当前策略。过去250个交易日有5次涨停，历史弹性明显高于普通低价股；近10日最大单日涨幅约3.2%。MACD仍处死叉，快慢线之间的MACD距已连续两天缩小，属于死叉修复状态，位于下方区域。
2026-04-21,1,极度推荐,1,75.0,73.6,60.7,57.0,93.0,78.7,95.0,0.0,74.3,83.8,002445,中南文化,58.9,1.17,46.3,47.31,多头,-7.01,-27.67,价格虽然进入候选，但均线结构并不算漂亮，后续更依赖实际承接而不是单纯趋势延续。近20日上涨约-7.0%，更像整理后的早期抬升，方向性仍需后续确认。5/20成交量比约0.51，前期有明显缩量，而当前量比约1.47，属于“先缩量、再温和放量”的状态，这一点比较贴合当前策略。过去250个交易日有10次涨停，历史弹性明显高于普通低价股；近10日最大单日涨幅约2.7%。MACD仍处死叉，快慢线之间的MACD距已连续两天缩小，属于死叉修复状态，位于跨零轴区域。
2026-04-29,1,极度推荐,1,88.2,86.5,65.2,100.0,100.0,92.1,100.0,0.0,44.4,83.9,002329,皇氏集团,60.7,2.49,52.0,53.96,多头,0.49,-7.83,当前仍站在20日线之上，20日线相对60日线高约3.1%，但短线均线结构还不算特别强。近20日上涨约0.5%，更像整理后的早期抬升，方向性仍需后续确认。5/20成交量比约0.57，前期有明显缩量，而当前量比约1.01，属于“先缩量、再温和放量”的状态，这一点比较贴合当前策略。过去250个交易日有8次涨停，历史弹性明显高于普通低价股；近10日最大单日涨幅约3.3%。MACD仍处死叉，快慢线之间的MACD距已连续两天缩小，属于死叉修复状态，位于上方区域。
2026-04-30,1,极度推荐,1,80.5,79.5,67.5,83.0,80.0,88.1,100.0,0.0,55.0,78.5,002314,南山控股,59.0,2.02,55.0,49.29,多头,1.61,-20.25,价格虽然进入候选，但均线结构并不算漂亮，后续更依赖实际承接而不是单纯趋势延续。近20日上涨约1.6%，更像整理后的早期抬升，方向性仍需后续确认。5/20成交量比约0.69，前期有明显缩量，而当前量比约1.49，属于“先缩量、再温和放量”的状态，这一点比较贴合当前策略。过去250个交易日有6次涨停，历史弹性明显高于普通低价股；近10日最大单日涨幅约3.0%。MACD仍处死叉，快慢线之间的MACD距已连续两天缩小，属于死叉修复状态，位于下方区域。
2026-04-30,2,极度推荐,2,74.5,75.6,64.9,83.0,72.0,90.1,100.0,3.0,82.9,75.1,600172,黄河旋风,60.2,1.32,52.6,49.61,空头,6.84,-27.26,价格虽然进入候选，但均线结构并不算漂亮，后续更依赖实际承接而不是单纯趋势延续。近20日上涨约6.8%，近5日约-1.4%，上涨速度相对温和，没有明显进入加速末端。5/20成交量比约0.77，前期有明显缩量，而当前量比约1.28，属于“先缩量、再温和放量”的状态，这一点比较贴合当前策略。过去250个交易日有17次涨停，历史弹性明显高于普通低价股；近10日最大单日涨幅约4.1%。MACD仍处死叉，快慢线之间的MACD距已连续两天缩小，属于死叉修复状态，位于下方区域。
2026-05-06,1,极度推荐,1,78.4,77.4,60.5,57.0,96.0,93.1,100.0,0.0,57.5,84.2,600643,爱建集团,58.6,1.24,45.9,47.04,多头,-5.43,-14.39,价格虽然进入候选，但均线结构并不算漂亮，后续更依赖实际承接而不是单纯趋势延续。近20日上涨约-5.4%，更像整理后的早期抬升，方向性仍需后续确认。5/20成交量比约0.60，前期有明显缩量，而当前量比约1.05，属于“先缩量、再温和放量”的状态，这一点比较贴合当前策略。过去250个交易日有6次涨停，历史弹性明显高于普通低价股；近10日最大单日涨幅约3.2%。MACD仍处死叉，快慢线之间的MACD距已连续两天缩小，属于死叉修复状态，位于下方区域。
2026-05-07,1,极度推荐,1,85.6,83.8,61.2,100.0,91.0,98.1,100.0,0.0,43.6,80.6,002686,亿利达,46.2,1.43,47.2,54.26,多头,-1.39,-8.15,当前仍站在20日线之上，20日线相对60日线高约4.9%，但短线均线结构还不算特别强。近20日上涨约-1.4%，更像整理后的早期抬升，方向性仍需后续确认。5/20成交量比约0.64，前期有明显缩量，而当前量比约1.02，属于“先缩量、再温和放量”的状态，这一点比较贴合当前策略。过去250个交易日有5次涨停，历史弹性明显高于普通低价股；近10日最大单日涨幅约3.4%。MACD仍处死叉，快慢线之间的MACD距已连续两天缩小，属于死叉修复状态，位于上方区域。
2026-05-08,1,极度推荐,1,77.4,76.2,65.8,55.0,100.0,78.1,83.0,0.0,85.0,88.4,002471,中超控股,68.6,2.1,52.1,49.64,多头,0.11,-19.41,价格虽然进入候选，但均线结构并不算漂亮，后续更依赖实际承接而不是单纯趋势延续。近20日上涨约0.1%，更像整理后的早期抬升，方向性仍需后续确认。5/20成交量比约0.60，前期有明显缩量，而当前量比约1.69，属于“先缩量、再温和放量”的状态，这一点比较贴合当前策略。过去250个交易日有31次涨停，历史弹性明显高于普通低价股；近10日最大单日涨幅约2.1%。MACD仍处死叉，快慢线之间的MACD距已连续两天缩小，属于死叉修复状态，位于下方区域。
2026-05-11,1,极度推荐,1,78.4,76.9,62.1,70.0,100.0,80.1,78.0,0.0,73.0,83.5,000788,北大医药,64.8,2.26,49.1,51.22,多头,-2.91,-19.24,价格虽然进入候选，但均线结构并不算漂亮，后续更依赖实际承接而不是单纯趋势延续。近20日上涨约-2.9%，更像整理后的早期抬升，方向性仍需后续确认。近期5/20成交量比约0.51，量能处于收缩状态，但当前量比约1.90，启动力度还需要继续观察。过去250个交易日有7次涨停，历史弹性明显高于普通低价股；近10日最大单日涨幅约2.3%。MACD仍处死叉，快慢线之间的MACD距已连续两天缩小，属于死叉修复状态，位于跨零轴区域。
2026-05-11,2,极度推荐,2,78.1,77.3,63.9,57.0,90.0,93.1,100.0,0.0,60.0,82.3,002467,二六三,57.9,0.28,49.0,48.66,多头,-5.35,-12.48,价格虽然进入候选，但均线结构并不算漂亮，后续更依赖实际承接而不是单纯趋势延续。近20日上涨约-5.3%，更像整理后的早期抬升，方向性仍需后续确认。5/20成交量比约0.62，前期有明显缩量，而当前量比约1.14，属于“先缩量、再温和放量”的状态，这一点比较贴合当前策略。过去250个交易日有9次涨停，历史弹性明显高于普通低价股；近10日最大单日涨幅约2.3%。MACD仍处死叉，快慢线之间的MACD距已连续两天缩小，属于死叉修复状态，位于下方区域。
2026-05-15,1,极度推荐,1,73.4,72.0,63.9,55.0,100.0,50.1,95.0,0.0,39.0,78.4,002072,凯瑞德,21.5,2.8,59.4,49.39,多头,-3.17,-11.78,价格虽然进入候选，但均线结构并不算漂亮，后续更依赖实际承接而不是单纯趋势延续。近20日上涨约-3.2%，更像整理后的早期抬升，方向性仍需后续确认。近期量能没有明显收缩，5/20成交量比约1.12，因此“底部缩量”的特征并不突出。过去250个交易日有6次涨停，历史弹性明显高于普通低价股；近10日最大单日涨幅约2.8%。MACD仍处死叉，快慢线之间的MACD距已连续两天缩小，属于死叉修复状态，位于下方区域。
2026-05-20,1,极度推荐,1,79.0,78.3,66.7,83.0,83.0,78.1,100.0,0.0,64.8,74.3,002578,闽发铝业,47.1,1.0,54.4,48.94,空头,-0.49,-13.83,价格虽然进入候选，但均线结构并不算漂亮，后续更依赖实际承接而不是单纯趋势延续。近20日上涨约-0.5%，更像整理后的早期抬升，方向性仍需后续确认。近期5/20成交量比约0.82，量能处于收缩状态，但当前量比约1.48，启动力度还需要继续观察。过去250个交易日有11次涨停，历史弹性明显高于普通低价股；近10日最大单日涨幅约2.3%。MACD仍处死叉，快慢线之间的MACD距已连续两天缩小，属于死叉修复状态，位于下方区域。
2026-05-25,1,极度推荐,1,77.2,76.7,70.5,57.0,83.0,81.7,100.0,0.0,60.0,80.3,603815,交建股份,52.7,1.15,58.0,52.51,多头,0.72,-9.52,价格虽然进入候选，但均线结构并不算漂亮，后续更依赖实际承接而不是单纯趋势延续。近20日上涨约0.7%，更像整理后的早期抬升，方向性仍需后续确认。5/20成交量比约0.60，前期有明显缩量，而当前量比约1.14，属于“先缩量、再温和放量”的状态，这一点比较贴合当前策略。过去250个交易日有7次涨停，历史弹性明显高于普通低价股；近10日最大单日涨幅约4.2%。MACD仍处死叉，快慢线之间的MACD距已连续两天缩小，属于死叉修复状态，位于上方区域。
2026-05-26,1,极度推荐,1,73.1,73.7,69.3,53.0,83.0,78.1,100.0,0.0,52.9,70.8,600528,中铁工业,32.8,1.33,57.0,43.04,空头,-3.05,-20.52,价格虽然进入候选，但均线结构并不算漂亮，后续更依赖实际承接而不是单纯趋势延续。近20日上涨约-3.0%，更像整理后的早期抬升，方向性仍需后续确认。近期5/20成交量比约0.89，量能处于收缩状态，但当前量比约1.16，启动力度还需要继续观察。过去250个交易日有5次涨停，历史弹性明显高于普通低价股；近10日最大单日涨幅约1.3%。MACD仍处死叉，快慢线之间的MACD距已连续两天缩小，属于死叉修复状态，位于下方区域。
2026-05-29,1,极度推荐,1,80.4,78.9,63.2,85.0,98.0,76.1,83.0,0.5,60.0,79.6,603815,交建股份,49.1,3.63,66.9,55.13,多头,2.44,-8.24,当前仍站在20日线之上，20日线相对60日线高约7.6%，但短线均线结构还不算特别强。近20日上涨约2.4%，更像整理后的早期抬升，方向性仍需后续确认。近期5/20成交量比约0.80，量能处于收缩状态，但当前量比约1.81，启动力度还需要继续观察。过去250个交易日有7次涨停，历史弹性明显高于普通低价股；近10日最大单日涨幅约4.2%。MACD仍处死叉，快慢线之间的MACD距已连续两天缩小，属于死叉修复状态，位于上方区域。
2026-05-29,2,极度推荐,2,77.4,76.6,73.6,57.0,93.0,72.1,95.0,0.0,79.1,82.8,002310,东方新能,57.4,2.46,62.4,46.46,多头,-3.31,-28.95,价格虽然进入候选，但均线结构并不算漂亮，后续更依赖实际承接而不是单纯趋势延续。近20日上涨约-3.3%，更像整理后的早期抬升，方向性仍需后续确认。5/20成交量比约0.51，前期有明显缩量，而当前量比约1.53，属于“先缩量、再温和放量”的状态，这一点比较贴合当前策略。过去250个交易日有11次涨停，历史弹性明显高于普通低价股；近10日最大单日涨幅约2.5%。MACD仍处死叉，快慢线之间的MACD距已连续两天缩小，属于死叉修复状态，位于下方区域。
2026-06-01,1,极度推荐,1,78.6,78.2,71.6,57.0,83.0,89.7,100.0,0.0,59.6,80.2,000567,海德股份,60.3,0.96,58.2,55.67,多头,3.96,-10.64,价格虽然进入候选，但均线结构并不算漂亮，后续更依赖实际承接而不是单纯趋势延续。近20日上涨约4.0%，近5日约1.9%，上涨速度相对温和，没有明显进入加速末端。5/20成交量比约0.57，前期有明显缩量，而当前量比约1.07，属于“先缩量、再温和放量”的状态，这一点比较贴合当前策略。过去250个交易日有6次涨停，历史弹性明显高于普通低价股；近10日最大单日涨幅约3.2%。MACD仍处死叉，快慢线之间的MACD距已连续两天缩小，属于死叉修复状态，位于上方区域。
2026-06-01,2,极度推荐,2,73.4,72.3,60.5,58.0,90.0,80.1,78.0,0.0,65.2,78.9,601619,嘉泽新能,48.4,3.26,61.5,51.23,多头,-1.04,-20.28,价格虽然进入候选，但均线结构并不算漂亮，后续更依赖实际承接而不是单纯趋势延续。近20日上涨约-1.0%，更像整理后的早期抬升，方向性仍需后续确认。近期量能没有明显收缩，5/20成交量比约0.95，因此“底部缩量”的特征并不突出。过去250个交易日有9次涨停，历史弹性明显高于普通低价股；近10日最大单日涨幅约3.3%。MACD仍处死叉，快慢线之间的MACD距已连续两天缩小，属于死叉修复状态，位于下方区域。
2026-06-02,1,极度推荐,1,76.0,75.1,72.3,57.0,83.0,72.7,100.0,0.0,73.3,81.7,002445,中南文化,44.9,1.42,60.8,46.9,多头,-1.92,-25.16,价格虽然进入候选，但均线结构并不算漂亮，后续更依赖实际承接而不是单纯趋势延续。近20日上涨约-1.9%，更像整理后的早期抬升，方向性仍需后续确认。5/20成交量比约0.67，前期有明显缩量，而当前量比约1.37，属于“先缩量、再温和放量”的状态，这一点比较贴合当前策略。过去250个交易日有10次涨停，历史弹性明显高于普通低价股；近10日最大单日涨幅约4.2%。MACD仍处死叉，快慢线之间的MACD距已连续两天缩小，属于死叉修复状态，位于下方区域。
2026-06-03,1,极度推荐,1,74.8,74.4,69.5,57.0,83.0,74.7,100.0,0.0,88.5,83.1,000620,盈新发展,57.1,1.06,57.1,44.65,多头,-6.82,-19.38,价格虽然进入候选，但均线结构并不算漂亮，后续更依赖实际承接而不是单纯趋势延续。近20日上涨约-6.8%，更像整理后的早期抬升，方向性仍需后续确认。5/20成交量比约0.61，前期有明显缩量，而当前量比约1.25，属于“先缩量、再温和放量”的状态，这一点比较贴合当前策略。过去250个交易日有21次涨停，历史弹性明显高于普通低价股；近10日最大单日涨幅约2.0%。MACD仍处死叉，快慢线之间的MACD距已连续两天缩小，属于死叉修复状态，位于跨零轴区域。
2026-06-04,1,极度推荐,1,85.7,87.7,78.4,100.0,83.0,82.7,100.0,0.0,72.2,77.0,002374,中锐股份,67.6,1.44,69.0,53.25,空头,12.1,-12.0,当前仍站在20日线之上，20日线相对60日线高约4.8%，但短线均线结构还不算特别强。近20日上涨约12.1%，近5日约1.4%，上涨速度相对温和，没有明显进入加速末端。5/20成交量比约0.66，前期有明显缩量，而当前量比约1.16，属于“先缩量、再温和放量”的状态，这一点比较贴合当前策略。过去250个交易日有10次涨停，历史弹性明显高于普通低价股；近10日最大单日涨幅约3.3%。MACD仍处死叉，快慢线之间的MACD距已连续两天缩小，属于死叉修复状态，位于上方区域。
2026-06-05,1,极度推荐,1,81.2,82.8,71.5,70.0,90.0,83.1,100.0,0.0,53.0,80.2,002596,海南瑞泽,51.2,0.8,58.8,50.06,多头,-1.05,-9.81,价格虽然进入候选，但均线结构并不算漂亮，后续更依赖实际承接而不是单纯趋势延续。近20日上涨约-1.0%，更像整理后的早期抬升，方向性仍需后续确认。近期5/20成交量比约0.80，量能处于收缩状态，但当前量比约1.05，启动力度还需要继续观察。过去250个交易日有8次涨停，历史弹性明显高于普通低价股；近10日最大单日涨幅约3.3%。MACD仍处死叉，快慢线之间的MACD距已连续两天缩小，属于死叉修复状态，位于跨零轴区域。
2026-06-08,1,极度推荐,1,76.7,75.8,78.2,57.0,90.0,62.1,100.0,0.0,64.6,83.1,002031,巨轮智能,32.5,2.7,75.3,51.71,多头,-5.65,-22.16,价格虽然进入候选，但均线结构并不算漂亮，后续更依赖实际承接而不是单纯趋势延续。近20日上涨约-5.6%，短线约9.3%，已经偏热，继续追价的性价比下降。5/20成交量比约0.69，前期有明显缩量，而当前量比约1.50，属于“先缩量、再温和放量”的状态，这一点比较贴合当前策略。过去250个交易日有5次涨停，历史弹性明显高于普通低价股；近10日最大单日涨幅约4.5%。MACD仍处死叉，快慢线之间的MACD距已连续两天缩小，属于死叉修复状态，位于跨零轴区域。
2026-06-11,1,极度推荐,1,79.8,81.8,78.2,70.0,80.0,79.1,100.0,0.0,49.7,75.0,603333,福华尚纬,42.2,1.83,67.8,52.77,多头,1.48,-15.24,价格虽然进入候选，但均线结构并不算漂亮，后续更依赖实际承接而不是单纯趋势延续。近20日上涨约1.5%，更像整理后的早期抬升，方向性仍需后续确认。5/20成交量比约0.64，前期有明显缩量，而当前量比约1.22，属于“先缩量、再温和放量”的状态，这一点比较贴合当前策略。过去250个交易日有5次涨停，历史弹性明显高于普通低价股；近10日最大单日涨幅约3.3%。MACD仍处死叉，快慢线之间的MACD距已连续两天缩小，属于死叉修复状态，位于上方区域。
2026-06-12,1,极度推荐,1,73.3,72.3,64.9,57.0,90.0,72.1,100.0,0.0,43.0,78.2,600724,宁波富达,39.7,0.76,48.7,42.79,多头,-19.81,-22.3,价格虽然进入候选，但均线结构并不算漂亮，后续更依赖实际承接而不是单纯趋势延续。近20日上涨约-19.8%，更像整理后的早期抬升，方向性仍需后续确认。近期量能没有明显收缩，5/20成交量比约0.90，因此“底部缩量”的特征并不突出。过去250个交易日有6次涨停，历史弹性明显高于普通低价股；近10日最大单日涨幅约2.8%。MACD仍处死叉，快慢线之间的MACD距已连续两天缩小，属于死叉修复状态，位于下方区域。
2026-06-15,1,极度推荐,1,75.4,73.9,60.6,57.0,100.0,67.1,100.0,0.0,48.0,81.6,002266,浙富控股,35.6,3.34,61.6,50.35,多头,-7.82,-14.58,价格虽然进入候选，但均线结构并不算漂亮，后续更依赖实际承接而不是单纯趋势延续。近20日上涨约-7.8%，短线约8.3%，已经偏热，继续追价的性价比下降。近期5/20成交量比约0.87，量能处于收缩状态，但当前量比约1.10，启动力度还需要继续观察。过去250个交易日有7次涨停，历史弹性明显高于普通低价股；近10日最大单日涨幅约3.3%。MACD仍处死叉，快慢线之间的MACD距已连续两天缩小，属于死叉修复状态，位于下方区域。
2026-06-16,1,极度推荐,1,76.1,74.3,66.1,70.0,90.0,72.1,83.0,0.0,69.7,80.4,002640,跨境通,53.8,1.11,52.9,48.12,多头,-12.68,-21.67,价格虽然进入候选，但均线结构并不算漂亮，后续更依赖实际承接而不是单纯趋势延续。近20日上涨约-12.7%，更像整理后的早期抬升，方向性仍需后续确认。近期5/20成交量比约0.83，量能处于收缩状态，但当前量比约1.92，启动力度还需要继续观察。过去250个交易日有9次涨停，历史弹性明显高于普通低价股；近10日最大单日涨幅约3.6%。MACD仍处死叉，快慢线之间的MACD距已连续两天缩小，属于死叉修复状态，位于下方区域。
2026-06-16,2,极度推荐,2,74.2,72.6,61.8,57.0,100.0,62.1,95.0,0.0,64.9,84.5,600400,红豆股份,40.9,3.03,57.4,49.01,多头,-11.11,-17.58,价格虽然进入候选，但均线结构并不算漂亮，后续更依赖实际承接而不是单纯趋势延续。近20日上涨约-11.1%，更像整理后的早期抬升，方向性仍需后续确认。5/20成交量比约0.54，前期有明显缩量，而当前量比约1.12，属于“先缩量、再温和放量”的状态，这一点比较贴合当前策略。过去250个交易日有9次涨停，历史弹性明显高于普通低价股；近10日最大单日涨幅约3.0%。MACD仍处死叉，快慢线之间的MACD距已连续两天缩小，属于死叉修复状态，位于跨零轴区域。
2026-06-18,1,极度推荐,1,76.1,75.3,69.3,57.0,100.0,72.1,95.0,0.0,71.0,83.1,002030,达安基因,52.7,2.02,56.8,40.75,多头,-14.35,-28.75,价格虽然进入候选，但均线结构并不算漂亮，后续更依赖实际承接而不是单纯趋势延续。近20日上涨约-14.4%，更像整理后的早期抬升，方向性仍需后续确认。5/20成交量比约0.47，前期有明显缩量，而当前量比约1.55，属于“先缩量、再温和放量”的状态，这一点比较贴合当前策略。过去250个交易日有6次涨停，历史弹性明显高于普通低价股；近10日最大单日涨幅约2.0%。MACD仍处死叉，快慢线之间的MACD距已连续两天缩小，属于死叉修复状态，位于下方区域。
2026-06-23,1,极度推荐,1,74.1,73.7,65.9,57.0,83.0,80.1,100.0,0.0,64.0,76.8,000402,金融街,48.9,1.48,53.0,42.59,多头,-8.67,-21.49,价格虽然进入候选，但均线结构并不算漂亮，后续更依赖实际承接而不是单纯趋势延续。近20日上涨约-8.7%，更像整理后的早期抬升，方向性仍需后续确认。5/20成交量比约0.66，前期有明显缩量，而当前量比约1.37，属于“先缩量、再温和放量”的状态，这一点比较贴合当前策略。过去250个交易日有5次涨停，历史弹性明显高于普通低价股；近10日最大单日涨幅约1.5%。MACD仍处死叉，快慢线之间的MACD距已连续两天缩小，属于死叉修复状态，位于下方区域。
2026-07-10,1,极度推荐,1,77.1,75.8,68.8,57.0,93.0,72.7,100.0,0.0,72.0,84.4,000608,阳光股份,46.8,0.0,53.9,49.78,多头,-3.36,-25.8,价格虽然进入候选，但均线结构并不算漂亮，后续更依赖实际承接而不是单纯趋势延续。近20日上涨约-3.4%，更像整理后的早期抬升，方向性仍需后续确认。5/20成交量比约0.61，前期有明显缩量，而当前量比约1.01，属于“先缩量、再温和放量”的状态，这一点比较贴合当前策略。过去250个交易日有6次涨停，历史弹性明显高于普通低价股；近10日最大单日涨幅约2.7%。MACD仍处死叉，快慢线之间的MACD距已连续两天缩小，属于死叉修复状态，位于上方区域。
2026-07-15,1,极度推荐,1,79.9,79.6,72.5,57.0,91.0,87.1,100.0,0.0,43.2,80.0,603980,吉华集团,58.6,2.48,60.8,51.33,多头,5.8,-11.68,价格虽然进入候选，但均线结构并不算漂亮，后续更依赖实际承接而不是单纯趋势延续。近20日上涨约5.8%，近5日约4.2%，上涨速度相对温和，没有明显进入加速末端。5/20成交量比约0.74，前期有明显缩量，而当前量比约1.19，属于“先缩量、再温和放量”的状态，这一点比较贴合当前策略。过去250个交易日有5次涨停，历史弹性明显高于普通低价股；近10日最大单日涨幅约4.9%。MACD仍处死叉，快慢线之间的MACD距已连续两天缩小，属于死叉修复状态，位于上方区域。
2026-07-29,1,极度推荐,1,80.1,79.5,66.5,57.0,100.0,87.1,100.0,0.0,35.0,82.8,002084,海鸥住工,62.9,2.38,52.5,48.62,多头,-4.97,-12.47,价格虽然进入候选，但均线结构并不算漂亮，后续更依赖实际承接而不是单纯趋势延续。近20日上涨约-5.0%，更像整理后的早期抬升，方向性仍需后续确认。5/20成交量比约0.72，前期有明显缩量，而当前量比约1.05，属于“先缩量、再温和放量”的状态，这一点比较贴合当前策略。过去250个交易日有9次涨停，历史弹性明显高于普通低价股；近10日最大单日涨幅约4.0%。MACD仍处死叉，快慢线之间的MACD距已连续两天缩小，属于死叉修复状态，位于下方区域。
2026-07-29,2,极度推荐,2,75.4,74.1,59.4,57.0,98.0,80.1,95.0,0.0,56.3,80.4,600322,津投城开,60.9,2.42,44.9,46.15,多头,-11.19,-21.36,价格虽然进入候选，但均线结构并不算漂亮，后续更依赖实际承接而不是单纯趋势延续。近20日上涨约-11.2%，更像整理后的早期抬升，方向性仍需后续确认。5/20成交量比约0.41，前期有明显缩量，而当前量比约1.10，属于“先缩量、再温和放量”的状态，这一点比较贴合当前策略。过去250个交易日有6次涨停，历史弹性明显高于普通低价股；近10日最大单日涨幅约2.8%。MACD仍处死叉，快慢线之间的MACD距已连续两天缩小，属于死叉修复状态，位于下方区域。
2026-08-26,1,极度推荐,1,81.7,81.2,68.9,70.0,90.0,93.1,95.0,0.0,63.0,79.0,600192,长城电工,80.1,1.14,55.9,52.61,多头,9.38,-14.85,价格虽然进入候选，但均线结构并不算漂亮，后续更依赖实际承接而不是单纯趋势延续。近20日上涨约9.4%，近5日约4.9%，上涨速度相对温和，没有明显进入加速末端。5/20成交量比约0.45，前期有明显缩量，而当前量比约1.09，属于“先缩量、再温和放量”的状态，这一点比较贴合当前策略。过去250个交易日有11次涨停，历史弹性明显高于普通低价股；近10日最大单日涨幅约1.5%。MACD仍处死叉，快慢线之间的MACD距已连续两天缩小，属于死叉修复状态，位于上方区域。
2026-08-26,2,极度推荐,2,80.6,79.2,67.1,85.0,90.0,75.1,95.0,0.0,72.9,81.0,000595,新能股份,81.4,2.94,62.7,52.48,多头,11.01,-23.03,当前仍站在20日线之上，20日线相对60日线高约1.3%，但短线均线结构还不算特别强。近20日上涨约11.0%，短线约8.8%，已经偏热，继续追价的性价比下降。5/20成交量比约0.53，前期有明显缩量，而当前量比约1.44，属于“先缩量、再温和放量”的状态，这一点比较贴合当前策略。过去250个交易日有8次涨停，历史弹性明显高于普通低价股；近10日最大单日涨幅约2.9%。MACD仍处死叉，快慢线之间的MACD距已连续两天缩小，属于死叉修复状态，位于跨零轴区域。
2026-08-26,3,极度推荐,3,78.5,77.9,67.1,70.0,80.0,87.1,100.0,0.0,54.2,77.3,600676,久事动娱,66.3,2.42,54.0,51.03,多头,0.59,-9.96,价格虽然进入候选，但均线结构并不算漂亮，后续更依赖实际承接而不是单纯趋势延续。近20日上涨约0.6%，更像整理后的早期抬升，方向性仍需后续确认。5/20成交量比约0.57，前期有明显缩量，而当前量比约1.31，属于“先缩量、再温和放量”的状态，这一点比较贴合当前策略。过去250个交易日有9次涨停，历史弹性明显高于普通低价股；近10日最大单日涨幅约2.5%。MACD仍处死叉，快慢线之间的MACD距已连续两天缩小，属于死叉修复状态，位于下方区域。
2026-08-26,4,极度推荐,4,78.1,77.3,64.4,70.0,80.0,93.1,95.0,0.0,59.9,78.1,002607,中公教育,60.1,1.46,50.6,52.01,多头,0.0,-11.49,价格虽然进入候选，但均线结构并不算漂亮，后续更依赖实际承接而不是单纯趋势延续。近20日上涨约0.0%，更像整理后的早期抬升，方向性仍需后续确认。5/20成交量比约0.46，前期有明显缩量，而当前量比约1.00，属于“先缩量、再温和放量”的状态，这一点比较贴合当前策略。过去250个交易日有7次涨停，历史弹性明显高于普通低价股；近10日最大单日涨幅约2.5%。MACD仍处死叉，快慢线之间的MACD距已连续两天缩小，属于死叉修复状态，位于上方区域。
2026-08-27,1,极度推荐,1,87.6,89.3,73.6,85.0,100.0,95.1,95.0,0.0,54.4,81.6,002197,证通电子,81.0,2.49,61.9,55.16,多头,14.73,-8.6,当前仍站在20日线之上，20日线相对60日线高约8.9%，但短线均线结构还不算特别强。近20日上涨约14.7%，更像整理后的早期抬升，方向性仍需后续确认。5/20成交量比约0.51，前期有明显缩量，而当前量比约1.18，属于“先缩量、再温和放量”的状态，这一点比较贴合当前策略。过去250个交易日有6次涨停，历史弹性明显高于普通低价股；近10日最大单日涨幅约3.6%。MACD仍处死叉，快慢线之间的MACD距已连续两天缩小，属于死叉修复状态，位于上方区域。
2026-08-27,2,极度推荐,2,83.9,82.7,65.0,95.0,83.0,94.7,100.0,0.0,49.8,78.2,603980,吉华集团,71.5,1.19,51.9,53.91,多头,7.74,-8.21,当前仍站在20日线之上，20日线相对60日线高约7.4%，但短线均线结构还不算特别强。近20日上涨约7.7%，近5日约1.3%，上涨速度相对温和，没有明显进入加速末端。5/20成交量比约0.75，前期有明显缩量，而当前量比约1.36，属于“先缩量、再温和放量”的状态，这一点比较贴合当前策略。过去250个交易日有6次涨停，历史弹性明显高于普通低价股；近10日最大单日涨幅约2.9%。MACD仍处死叉，快慢线之间的MACD距已连续两天缩小，属于死叉修复状态，位于上方区域。
2026-08-27,3,极度推荐,3,82.8,81.9,70.0,85.0,90.0,88.1,83.0,0.0,72.0,81.8,000037,深南电A,98.8,1.86,57.3,53.75,多头,9.44,-16.42,当前仍站在20日线之上，20日线相对60日线高约1.4%，但短线均线结构还不算特别强。近20日上涨约9.4%，更像整理后的早期抬升，方向性仍需后续确认。近期5/20成交量比约0.60，量能处于收缩状态，但当前量比约1.95，启动力度还需要继续观察。过去250个交易日有11次涨停，历史弹性明显高于普通低价股；近10日最大单日涨幅约3.0%。MACD仍处死叉，快慢线之间的MACD距已连续两天缩小，属于死叉修复状态，位于上方区域。
2026-08-27,4,极度推荐,4,77.1,76.2,59.0,57.0,93.0,90.1,100.0,0.0,52.9,81.0,601933,永辉超市,47.8,1.29,44.8,47.69,多头,-3.1,-13.3,价格虽然进入候选，但均线结构并不算漂亮，后续更依赖实际承接而不是单纯趋势延续。近20日上涨约-3.1%，更像整理后的早期抬升，方向性仍需后续确认。近期5/20成交量比约0.82，量能处于收缩状态，但当前量比约1.10，启动力度还需要继续观察。过去250个交易日有5次涨停，历史弹性明显高于普通低价股；近10日最大单日涨幅约3.7%。MACD仍处死叉，快慢线之间的MACD距已连续两天缩小，属于死叉修复状态，位于下方区域。
2026-08-27,5,极度推荐,5,76.9,75.9,63.8,57.0,93.0,80.7,95.0,0.0,69.1,81.5,600986,浙文互联,67.7,1.41,50.1,45.55,多头,1.41,-16.36,价格虽然进入候选，但均线结构并不算漂亮，后续更依赖实际承接而不是单纯趋势延续。近20日上涨约1.4%，更像整理后的早期抬升，方向性仍需后续确认。5/20成交量比约0.39，前期有明显缩量，而当前量比约1.05，属于“先缩量、再温和放量”的状态，这一点比较贴合当前策略。过去250个交易日有11次涨停，历史弹性明显高于普通低价股；近10日最大单日涨幅约2.6%。MACD仍处死叉，快慢线之间的MACD距已连续两天缩小，属于死叉修复状态，位于跨零轴区域。
2026-08-27,6,极度推荐,6,76.9,75.9,62.9,57.0,93.0,82.7,95.0,0.0,71.7,82.5,002212,天融信,62.8,1.29,49.0,49.64,多头,0.16,-21.35,价格虽然进入候选，但均线结构并不算漂亮，后续更依赖实际承接而不是单纯趋势延续。近20日上涨约0.2%，更像整理后的早期抬升，方向性仍需后续确认。5/20成交量比约0.44，前期有明显缩量，而当前量比约1.34，属于“先缩量、再温和放量”的状态，这一点比较贴合当前策略。过去250个交易日有9次涨停，历史弹性明显高于普通低价股；近10日最大单日涨幅约3.6%。MACD仍处死叉，快慢线之间的MACD距已连续两天缩小，属于死叉修复状态，位于上方区域。
2026-08-28,1,极度推荐,1,88.6,87.0,66.2,95.0,100.0,100.0,100.0,0.0,75.4,86.8,600617,国新能源,74.5,2.06,53.6,56.92,多头,7.12,-15.61,当前仍站在20日线之上，20日线相对60日线高约9.3%，但短线均线结构还不算特别强。近20日上涨约7.1%，近5日约3.0%，上涨速度相对温和，没有明显进入加速末端。5/20成交量比约0.69，前期有明显缩量，而当前量比约1.22，属于“先缩量、再温和放量”的状态，这一点比较贴合当前策略。过去250个交易日有11次涨停，历史弹性明显高于普通低价股；近10日最大单日涨幅约2.4%。MACD仍处死叉，快慢线之间的MACD距已连续两天缩小，属于死叉修复状态，位于上方区域。
2026-08-28,2,极度推荐,2,83.8,82.7,59.8,95.0,90.0,94.1,100.0,0.0,46.1,76.8,000990,诚志股份,76.7,2.93,54.6,54.95,多头,3.57,-6.57,当前仍站在20日线之上，20日线相对60日线高约2.2%，但短线均线结构还不算特别强。近20日上涨约3.6%，近5日约4.5%，上涨速度相对温和，没有明显进入加速末端。5/20成交量比约0.75，前期有明显缩量，而当前量比约1.48，属于“先缩量、再温和放量”的状态，这一点比较贴合当前策略。过去250个交易日有6次涨停，历史弹性明显高于普通低价股；近10日最大单日涨幅约2.9%。MACD仍处死叉，快慢线之间的MACD距已连续两天缩小，属于死叉修复状态，位于跨零轴区域。
2026-08-28,3,极度推荐,3,83.7,82.2,59.0,100.0,90.0,91.1,95.0,0.0,61.5,79.2,605388,均瑶健康,74.4,2.62,53.3,59.52,多头,0.81,-8.08,当前仍站在20日线之上，20日线相对60日线高约11.6%，但短线均线结构还不算特别强。近20日上涨约0.8%，更像整理后的早期抬升，方向性仍需后续确认。5/20成交量比约0.37，前期有明显缩量，而当前量比约1.36，属于“先缩量、再温和放量”的状态，这一点比较贴合当前策略。过去250个交易日有7次涨停，历史弹性明显高于普通低价股；近10日最大单日涨幅约3.6%。MACD仍处死叉，快慢线之间的MACD距已连续两天缩小，属于死叉修复状态，位于上方区域。
2026-08-31,1,极度推荐,1,80.5,79.7,66.3,70.0,90.0,89.1,95.0,0.0,67.9,81.3,002474,榕基软件,71.9,0.47,52.3,52.38,多头,1.76,-13.57,价格虽然进入候选，但均线结构并不算漂亮，后续更依赖实际承接而不是单纯趋势延续。近20日上涨约1.8%，更像整理后的早期抬升，方向性仍需后续确认。5/20成交量比约0.50，前期有明显缩量，而当前量比约1.10，属于“先缩量、再温和放量”的状态，这一点比较贴合当前策略。过去250个交易日有14次涨停，历史弹性明显高于普通低价股；近10日最大单日涨幅约3.7%。MACD仍处死叉，快慢线之间的MACD距已连续两天缩小，属于死叉修复状态，位于上方区域。
2026-08-31,2,极度推荐,2,78.2,80.5,65.5,85.0,90.0,100.0,95.0,5.0,56.1,74.0,002659,凯文教育,72.9,1.31,52.0,57.2,多头,0.65,-10.77,当前仍站在20日线之上，20日线相对60日线高约10.2%，但短线均线结构还不算特别强。近20日上涨约0.7%，更像整理后的早期抬升，方向性仍需后续确认。5/20成交量比约0.42，前期有明显缩量，而当前量比约1.04，属于“先缩量、再温和放量”的状态，这一点比较贴合当前策略。过去250个交易日有6次涨停，历史弹性明显高于普通低价股；近10日最大单日涨幅约3.6%。MACD仍处死叉，快慢线之间的MACD距已连续两天缩小，属于死叉修复状态，位于上方区域。
2026-08-31,3,极度推荐,3,77.3,76.6,62.9,57.0,90.0,89.1,100.0,0.0,60.4,82.8,002195,岩山科技,67.4,1.1,48.5,47.6,多头,-5.97,-12.7,价格虽然进入候选，但均线结构并不算漂亮，后续更依赖实际承接而不是单纯趋势延续。近20日上涨约-6.0%，更像整理后的早期抬升，方向性仍需后续确认。5/20成交量比约0.57，前期有明显缩量，而当前量比约1.08，属于“先缩量、再温和放量”的状态，这一点比较贴合当前策略。过去250个交易日有10次涨停，历史弹性明显高于普通低价股；近10日最大单日涨幅约2.8%。MACD仍处死叉，快慢线之间的MACD距已连续两天缩小，属于死叉修复状态，位于下方区域。
2026-09-01,1,极度推荐,1,78.3,77.4,60.8,57.0,96.0,93.1,100.0,0.0,48.3,82.8,002242,九阳股份,60.7,0.23,45.3,47.6,多头,-5.9,-9.18,价格虽然进入候选，但均线结构并不算漂亮，后续更依赖实际承接而不是单纯趋势延续。近20日上涨约-5.9%，更像整理后的早期抬升，方向性仍需后续确认。5/20成交量比约0.59，前期有明显缩量，而当前量比约1.07，属于“先缩量、再温和放量”的状态，这一点比较贴合当前策略。过去250个交易日有5次涨停，历史弹性明显高于普通低价股；近10日最大单日涨幅约1.9%。MACD仍处死叉，快慢线之间的MACD距已连续两天缩小，属于死叉修复状态，位于下方区域。
2026-09-01,2,极度推荐,2,78.3,77.2,58.2,57.0,100.0,93.1,95.0,0.0,69.2,85.3,002546,新联电子,65.8,0.38,42.6,47.95,多头,-8.85,-11.56,价格虽然进入候选，但均线结构并不算漂亮，后续更依赖实际承接而不是单纯趋势延续。近20日上涨约-8.9%，更像整理后的早期抬升，方向性仍需后续确认。5/20成交量比约0.51，前期有明显缩量，而当前量比约1.03，属于“先缩量、再温和放量”的状态，这一点比较贴合当前策略。过去250个交易日有8次涨停，历史弹性明显高于普通低价股；近10日最大单日涨幅约1.4%。MACD仍处死叉，快慢线之间的MACD距已连续两天缩小，属于死叉修复状态，位于下方区域。
2026-09-03,1,极度推荐,1,78.1,77.2,64.1,70.0,82.0,89.1,100.0,0.0,64.5,78.0,600863,华能蒙电,54.8,1.07,51.1,48.21,多头,-0.21,-16.85,价格虽然进入候选，但均线结构并不算漂亮，后续更依赖实际承接而不是单纯趋势延续。近20日上涨约-0.2%，更像整理后的早期抬升，方向性仍需后续确认。5/20成交量比约0.67，前期有明显缩量，而当前量比约1.36，属于“先缩量、再温和放量”的状态，这一点比较贴合当前策略。过去250个交易日有6次涨停，历史弹性明显高于普通低价股；近10日最大单日涨幅约2.6%。MACD仍处死叉，快慢线之间的MACD距已连续两天缩小，属于死叉修复状态，位于下方区域。
2026-09-08,1,极度推荐,1,83.8,82.3,58.6,95.0,91.0,94.1,100.0,0.0,59.2,84.0,002030,达安基因,59.8,2.55,52.8,53.45,多头,0.36,-5.86,当前仍站在20日线之上，20日线相对60日线高约3.5%，但短线均线结构还不算特别强。近20日上涨约0.4%，更像整理后的早期抬升，方向性仍需后续确认。5/20成交量比约0.60，前期有明显缩量，而当前量比约1.54，属于“先缩量、再温和放量”的状态，这一点比较贴合当前策略。过去250个交易日有6次涨停，历史弹性明显高于普通低价股；近10日最大单日涨幅约2.6%。MACD仍处死叉，快慢线之间的MACD距已连续两天缩小，属于死叉修复状态，位于上方区域。
2026-09-08,2,极度推荐,2,76.8,76.4,67.7,70.0,75.0,89.1,95.0,0.0,55.8,73.7,000936,华西股份,74.4,1.59,55.0,54.07,多头,9.73,-17.5,价格虽然进入候选，但均线结构并不算漂亮，后续更依赖实际承接而不是单纯趋势延续。近20日上涨约9.7%，近5日约0.5%，上涨速度相对温和，没有明显进入加速末端。5/20成交量比约0.49，前期有明显缩量，而当前量比约1.18，属于“先缩量、再温和放量”的状态，这一点比较贴合当前策略。过去250个交易日有7次涨停，历史弹性明显高于普通低价股；近10日最大单日涨幅约2.0%。MACD仍处死叉，快慢线之间的MACD距已连续两天缩小，属于死叉修复状态，位于上方区域。
2026-09-09,1,极度推荐,1,84.4,82.6,65.0,100.0,86.0,91.1,100.0,0.0,50.4,78.9,000630,铜陵有色,44.7,0.46,51.4,51.69,多头,-0.9,-18.08,当前仍站在20日线之上，20日线相对60日线高约1.7%，但短线均线结构还不算特别强。近20日上涨约-0.9%，更像整理后的早期抬升，方向性仍需后续确认。近期5/20成交量比约0.89，量能处于收缩状态，但当前量比约1.30，启动力度还需要继续观察。过去250个交易日有7次涨停，历史弹性明显高于普通低价股；近10日最大单日涨幅约2.5%。MACD仍处死叉，快慢线之间的MACD距已连续两天缩小，属于死叉修复状态，位于上方区域。
2026-09-09,2,极度推荐,2,82.3,80.7,65.1,100.0,80.0,85.1,100.0,0.0,52.6,76.3,000546,金圆股份,51.5,1.7,52.5,54.4,多头,-0.21,-15.82,当前仍站在20日线之上，20日线相对60日线高约1.5%，但短线均线结构还不算特别强。近20日上涨约-0.2%，更像整理后的早期抬升，方向性仍需后续确认。近期5/20成交量比约0.89，量能处于收缩状态，但当前量比约1.31，启动力度还需要继续观察。过去250个交易日有10次涨停，历史弹性明显高于普通低价股；近10日最大单日涨幅约2.4%。MACD仍处死叉，快慢线之间的MACD距已连续两天缩小，属于死叉修复状态，位于上方区域。
2026-09-11,1,极度推荐,1,73.8,73.1,64.9,52.0,93.0,72.1,100.0,0.0,71.9,79.1,000595,新能股份,42.1,1.28,52.6,45.48,空头,-7.04,-23.13,价格虽然进入候选，但均线结构并不算漂亮，后续更依赖实际承接而不是单纯趋势延续。近20日上涨约-7.0%，更像整理后的早期抬升，方向性仍需后续确认。5/20成交量比约0.67，前期有明显缩量，而当前量比约1.31，属于“先缩量、再温和放量”的状态，这一点比较贴合当前策略。过去250个交易日有8次涨停，历史弹性明显高于普通低价股；近10日最大单日涨幅约1.4%。MACD仍处死叉，快慢线之间的MACD距已连续两天缩小，属于死叉修复状态，位于下方区域。
2026-09-17,1,极度推荐,1,81.6,80.2,61.6,95.0,91.0,78.1,95.0,0.0,40.0,75.6,002045,国光电器,68.1,3.27,64.4,55.42,多头,10.51,-8.32,当前仍站在20日线之上，20日线相对60日线高约8.3%，但短线均线结构还不算特别强。近20日上涨约10.5%，近5日约2.6%，上涨速度相对温和，没有明显进入加速末端。5/20成交量比约0.50，前期有明显缩量，而当前量比约1.11，属于“先缩量、再温和放量”的状态，这一点比较贴合当前策略。过去250个交易日有5次涨停，历史弹性明显高于普通低价股；近10日最大单日涨幅约3.3%。MACD仍处死叉，快慢线之间的MACD距已连续两天缩小，属于死叉修复状态，位于上方区域。
2026-09-17,2,极度推荐,2,77.8,77.4,74.4,57.0,83.0,79.7,100.0,0.0,59.3,79.1,002638,勤上股份,57.7,2.42,63.5,53.47,多头,12.8,-12.24,价格虽然进入候选，但均线结构并不算漂亮，后续更依赖实际承接而不是单纯趋势延续。近20日上涨约12.8%，近5日约1.7%，上涨速度相对温和，没有明显进入加速末端。5/20成交量比约0.58，前期有明显缩量，而当前量比约1.21，属于“先缩量、再温和放量”的状态，这一点比较贴合当前策略。过去250个交易日有9次涨停，历史弹性明显高于普通低价股；近10日最大单日涨幅约3.3%。MACD仍处死叉，快慢线之间的MACD距已连续两天缩小，属于死叉修复状态，位于上方区域。
2026-09-18,1,极度推荐,1,87.0,85.8,67.9,100.0,86.0,100.0,100.0,0.0,54.8,80.4,605268,王力安防,65.5,1.48,54.8,53.06,多头,4.11,-5.22,当前仍站在20日线之上，20日线相对60日线高约3.6%，但短线均线结构还不算特别强。近20日上涨约4.1%，近5日约1.9%，上涨速度相对温和，没有明显进入加速末端。5/20成交量比约0.64，前期有明显缩量，而当前量比约1.06，属于“先缩量、再温和放量”的状态，这一点比较贴合当前策略。过去250个交易日有7次涨停，历史弹性明显高于普通低价股；近10日最大单日涨幅约2.0%。MACD仍处死叉，快慢线之间的MACD距已连续两天缩小，属于死叉修复状态，位于上方区域。
2026-09-18,2,极度推荐,2,84.9,82.9,66.8,95.0,96.0,81.1,95.0,0.0,67.2,84.2,002374,中锐股份,48.1,1.64,53.4,50.74,多头,0.32,-11.68,当前仍站在20日线之上，20日线相对60日线高约0.7%，但短线均线结构还不算特别强。近20日上涨约0.3%，更像整理后的早期抬升，方向性仍需后续确认。近期量能没有明显收缩，5/20成交量比约0.99，因此“底部缩量”的特征并不突出。过去250个交易日有11次涨停，历史弹性明显高于普通低价股；近10日最大单日涨幅约2.4%。MACD仍处死叉，快慢线之间的MACD距已连续两天缩小，属于死叉修复状态，位于下方区域。
2026-09-18,3,极度推荐,3,84.1,82.4,63.5,100.0,91.0,83.1,95.0,0.0,38.3,74.4,600626,申达股份,59.7,-0.54,53.2,55.29,多头,4.55,-2.13,当前仍站在20日线之上，20日线相对60日线高约5.6%，但短线均线结构还不算特别强。近20日上涨约4.5%，近5日约2.5%，上涨速度相对温和，没有明显进入加速末端。近期量能没有明显收缩，5/20成交量比约1.03，因此“底部缩量”的特征并不突出。过去250个交易日有5次涨停，历史弹性明显高于普通低价股；近10日最大单日涨幅约3.6%。MACD仍处死叉，快慢线之间的MACD距已连续两天缩小，属于死叉修复状态，位于上方区域。
2026-09-18,4,极度推荐,4,83.6,82.3,59.0,100.0,91.0,88.1,100.0,0.4,48.0,79.5,000718,苏宁环球,68.5,3.61,61.1,58.51,多头,7.49,-5.19,当前仍站在20日线之上，20日线相对60日线高约4.5%，但短线均线结构还不算特别强。近20日上涨约7.5%，近5日约4.1%，上涨速度相对温和，没有明显进入加速末端。近期5/20成交量比约0.81，量能处于收缩状态，但当前量比约1.49，启动力度还需要继续观察。过去250个交易日有5次涨停，历史弹性明显高于普通低价股；近10日最大单日涨幅约3.6%。MACD仍处死叉，快慢线之间的MACD距已连续两天缩小，属于死叉修复状态，位于上方区域。
2026-09-18,5,极度推荐,5,83.0,82.0,66.8,65.0,100.0,96.1,100.0,0.0,61.2,86.0,002067,景兴纸业,62.4,1.49,53.5,47.06,多头,2.0,-15.15,价格虽然进入候选，但均线结构并不算漂亮，后续更依赖实际承接而不是单纯趋势延续。近20日上涨约2.0%，更像整理后的早期抬升，方向性仍需后续确认。5/20成交量比约0.70，前期有明显缩量，而当前量比约1.18，属于“先缩量、再温和放量”的状态，这一点比较贴合当前策略。过去250个交易日有8次涨停，历史弹性明显高于普通低价股；近10日最大单日涨幅约2.0%。MACD仍处死叉，快慢线之间的MACD距已连续两天缩小，属于死叉修复状态，位于下方区域。
2026-09-18,6,极度推荐,6,82.9,81.4,61.1,95.0,86.0,91.1,100.0,0.0,61.2,81.3,000006,深振业A,56.4,2.77,55.7,51.63,多头,0.0,-9.49,当前仍站在20日线之上，20日线相对60日线高约2.6%，但短线均线结构还不算特别强。近20日上涨约0.0%，更像整理后的早期抬升，方向性仍需后续确认。5/20成交量比约0.62，前期有明显缩量，而当前量比约1.31，属于“先缩量、再温和放量”的状态，这一点比较贴合当前策略。过去250个交易日有8次涨停，历史弹性明显高于普通低价股；近10日最大单日涨幅约3.5%。MACD仍处死叉，快慢线之间的MACD距已连续两天缩小，属于死叉修复状态，位于下方区域。
2026-09-18,7,极度推荐,7,82.5,81.1,65.4,100.0,75.0,89.7,100.0,0.0,57.5,75.6,002291,遥望科技,65.8,0.18,51.8,51.17,多头,6.96,-11.52,价格虽然进入候选，但均线结构并不算漂亮，后续更依赖实际承接而不是单纯趋势延续。近20日上涨约7.0%，近5日约-0.9%，上涨速度相对温和，没有明显进入加速末端。5/20成交量比约0.59，前期有明显缩量，而当前量比约1.03，属于“先缩量、再温和放量”的状态，这一点比较贴合当前策略。过去250个交易日有9次涨停，历史弹性明显高于普通低价股；近10日最大单日涨幅约2.1%。MACD仍处死叉，快慢线之间的MACD距已连续两天缩小，属于死叉修复状态，位于上方区域。
2026-09-18,8,极度推荐,8,82.1,81.2,64.8,80.0,86.0,96.1,100.0,0.0,36.5,78.0,600433,冠豪高新,56.4,0.91,51.0,47.51,多头,0.61,-5.7,价格虽然进入候选，但均线结构并不算漂亮，后续更依赖实际承接而不是单纯趋势延续。近20日上涨约0.6%，更像整理后的早期抬升，方向性仍需后续确认。5/20成交量比约0.74，前期有明显缩量，而当前量比约1.03，属于“先缩量、再温和放量”的状态，这一点比较贴合当前策略。过去250个交易日有6次涨停，历史弹性明显高于普通低价股；近10日最大单日涨幅约2.4%。MACD仍处死叉，快慢线之间的MACD距已连续两天缩小，属于死叉修复状态，位于下方区域。
2026-09-21,1,极度推荐,1,90.0,88.8,67.1,100.0,100.0,100.0,100.0,0.0,51.3,84.8,605136,丽人丽妆,87.7,1.42,53.7,56.42,多头,8.6,-6.12,当前仍站在20日线之上，20日线相对60日线高约6.2%，但短线均线结构还不算特别强。近20日上涨约8.6%，近5日约2.3%，上涨速度相对温和，没有明显进入加速末端。5/20成交量比约0.72，前期有明显缩量，而当前量比约1.14，属于“先缩量、再温和放量”的状态，这一点比较贴合当前策略。过去250个交易日有7次涨停，历史弹性明显高于普通低价股；近10日最大单日涨幅约2.2%。MACD仍处死叉，快慢线之间的MACD距已连续两天缩小，属于死叉修复状态，位于上方区域。
2026-09-21,2,极度推荐,2,86.1,84.4,64.4,95.0,100.0,84.1,100.0,0.0,54.7,83.9,600527,江南高纤,64.0,2.27,51.1,52.95,多头,3.69,-3.43,价格虽然进入候选，但均线结构并不算漂亮，后续更依赖实际承接而不是单纯趋势延续。近20日上涨约3.7%，近5日约0.9%，上涨速度相对温和，没有明显进入加速末端。近期5/20成交量比约0.85，量能处于收缩状态，但当前量比约1.34，启动力度还需要继续观察。过去250个交易日有8次涨停，历史弹性明显高于普通低价股；近10日最大单日涨幅约3.1%。MACD仍处死叉，快慢线之间的MACD距已连续两天缩小，属于死叉修复状态，位于上方区域。
2026-09-21,3,极度推荐,3,85.0,84.1,64.7,95.0,86.0,99.1,100.0,0.0,48.1,79.9,600477,杭萧钢构,75.7,2.07,51.3,52.54,多头,3.78,-7.14,价格虽然进入候选，但均线结构并不算漂亮，后续更依赖实际承接而不是单纯趋势延续。近20日上涨约3.8%，近5日约1.2%，上涨速度相对温和，没有明显进入加速末端。5/20成交量比约0.62，前期有明显缩量，而当前量比约1.54，属于“先缩量、再温和放量”的状态，这一点比较贴合当前策略。过去250个交易日有8次涨停，历史弹性明显高于普通低价股；近10日最大单日涨幅约2.4%。MACD仍处死叉，快慢线之间的MACD距已连续两天缩小，属于死叉修复状态，位于跨零轴区域。
2026-09-21,4,极度推荐,4,84.6,83.4,62.6,80.0,100.0,96.1,100.0,0.0,52.2,84.6,601789,宁波建工,68.1,1.45,48.4,46.45,多头,0.24,-14.63,价格虽然进入候选，但均线结构并不算漂亮，后续更依赖实际承接而不是单纯趋势延续。近20日上涨约0.2%，更像整理后的早期抬升，方向性仍需后续确认。5/20成交量比约0.64，前期有明显缩量，而当前量比约1.28，属于“先缩量、再温和放量”的状态，这一点比较贴合当前策略。过去250个交易日有7次涨停，历史弹性明显高于普通低价股；近10日最大单日涨幅约1.4%。MACD仍处死叉，快慢线之间的MACD距已连续两天缩小，属于死叉修复状态，位于下方区域。
2026-09-21,5,极度推荐,5,84.2,82.1,63.1,95.0,100.0,78.1,100.0,0.0,63.7,84.5,002520,日发精机,78.9,2.89,58.2,54.77,多头,10.71,-22.02,当前仍站在20日线之上，20日线相对60日线高约2.1%，但短线均线结构还不算特别强。近20日上涨约10.7%，近5日约4.1%，上涨速度相对温和，没有明显进入加速末端。5/20成交量比约0.75，前期有明显缩量，而当前量比约1.13，属于“先缩量、再温和放量”的状态，这一点比较贴合当前策略。过去250个交易日有9次涨停，历史弹性明显高于普通低价股；近10日最大单日涨幅约2.9%。MACD仍处死叉，快慢线之间的MACD距已连续两天缩小，属于死叉修复状态，位于上方区域。
2026-09-21,6,极度推荐,6,84.1,83.4,68.0,70.0,100.0,93.1,100.0,0.0,45.5,83.9,603912,佳力图,70.1,1.15,54.1,54.85,多头,6.67,-7.85,价格虽然进入候选，但均线结构并不算漂亮，后续更依赖实际承接而不是单纯趋势延续。近20日上涨约6.7%，近5日约3.9%，上涨速度相对温和，没有明显进入加速末端。5/20成交量比约0.55，前期有明显缩量，而当前量比约1.13，属于“先缩量、再温和放量”的状态，这一点比较贴合当前策略。过去250个交易日有8次涨停，历史弹性明显高于普通低价股；近10日最大单日涨幅约4.4%。MACD仍处死叉，快慢线之间的MACD距已连续两天缩小，属于死叉修复状态，位于上方区域。
2026-09-21,7,极度推荐,7,83.9,82.7,62.9,80.0,96.0,96.1,100.0,0.0,44.3,83.6,600429,三元股份,58.2,1.09,48.8,50.56,多头,3.12,-7.03,价格虽然进入候选，但均线结构并不算漂亮，后续更依赖实际承接而不是单纯趋势延续。近20日上涨约3.1%，近5日约0.2%，上涨速度相对温和，没有明显进入加速末端。5/20成交量比约0.78，前期有明显缩量，而当前量比约1.05，属于“先缩量、再温和放量”的状态，这一点比较贴合当前策略。过去250个交易日有5次涨停，历史弹性明显高于普通低价股；近10日最大单日涨幅约2.1%。MACD仍处死叉，快慢线之间的MACD距已连续两天缩小，属于死叉修复状态，位于上方区域。
2026-09-21,8,极度推荐,8,82.5,81.3,63.7,80.0,91.0,93.1,100.0,0.0,68.1,85.0,600986,浙文互联,79.8,1.27,49.8,46.51,多头,4.35,-16.59,价格虽然进入候选，但均线结构并不算漂亮，后续更依赖实际承接而不是单纯趋势延续。近20日上涨约4.4%，近5日约0.4%，上涨速度相对温和，没有明显进入加速末端。5/20成交量比约0.57，前期有明显缩量，而当前量比约1.20，属于“先缩量、再温和放量”的状态，这一点比较贴合当前策略。过去250个交易日有11次涨停，历史弹性明显高于普通低价股；近10日最大单日涨幅约1.3%。MACD仍处死叉，快慢线之间的MACD距已连续两天缩小，属于死叉修复状态，位于下方区域。
2026-09-22,1,极度推荐,1,86.3,85.3,68.2,85.0,100.0,94.1,100.0,0.0,29.3,80.6,000917,电广传媒,61.8,1.14,55.2,52.55,多头,1.57,-10.9,当前仍站在20日线之上，20日线相对60日线高约2.4%，但短线均线结构还不算特别强。近20日上涨约1.6%，更像整理后的早期抬升，方向性仍需后续确认。5/20成交量比约0.62，前期有明显缩量，而当前量比约1.57，属于“先缩量、再温和放量”的状态，这一点比较贴合当前策略。过去250个交易日有6次涨停，历史弹性明显高于普通低价股；近10日最大单日涨幅约3.5%。MACD仍处死叉，快慢线之间的MACD距已连续两天缩小，属于死叉修复状态，位于下方区域。
2026-09-23,1,极度推荐,1,87.4,89.0,76.4,85.0,100.0,84.1,100.0,0.0,59.0,82.8,000626,远大控股,71.7,1.52,65.4,58.25,多头,13.99,-10.76,当前仍站在20日线之上，20日线相对60日线高约18.1%，但短线均线结构还不算特别强。近20日上涨约14.0%，更像整理后的早期抬升，方向性仍需后续确认。5/20成交量比约0.63，前期有明显缩量，而当前量比约1.17，属于“先缩量、再温和放量”的状态，这一点比较贴合当前策略。过去250个交易日有9次涨停，历史弹性明显高于普通低价股；近10日最大单日涨幅约4.2%。MACD仍处死叉，快慢线之间的MACD距已连续两天缩小，属于死叉修复状态，位于上方区域。
2026-09-23,2,极度推荐,2,87.3,85.9,68.2,95.0,96.0,93.1,100.0,0.0,37.4,79.8,002562,兄弟科技,46.0,1.01,55.6,54.45,多头,1.22,-5.5,当前仍站在20日线之上，20日线相对60日线高约5.7%，但短线均线结构还不算特别强。近20日上涨约1.2%，更像整理后的早期抬升，方向性仍需后续确认。5/20成交量比约0.79，前期有明显缩量，而当前量比约1.42，属于“先缩量、再温和放量”的状态，这一点比较贴合当前策略。过去250个交易日有5次涨停，历史弹性明显高于普通低价股；近10日最大单日涨幅约2.9%。MACD仍处死叉，快慢线之间的MACD距已连续两天缩小，属于死叉修复状态，位于上方区域。
2026-09-24,1,极度推荐,1,86.4,87.4,75.2,100.0,87.0,86.7,95.0,0.0,50.3,73.5,000635,英力特,50.6,0.67,64.0,58.9,多头,14.18,-11.36,当前收盘7.49，短中期均线呈多头排列，20日线高于60日线约11.5%，属于趋势保持较好的抬升结构。近20日上涨约14.2%，近5日约4.9%，上涨速度相对温和，没有明显进入加速末端。过去250个交易日有5次涨停，历史弹性明显高于普通低价股；近10日最大单日涨幅约2.1%。MACD仍处死叉，快慢线之间的MACD距已连续两天缩小，属于死叉修复状态，位于上方区域。当前位置约处于近120日区间65%位置，离阶段高位已经不算远，需要防止“看起来低价、实际上高位”。
2026-09-24,2,极度推荐,2,82.2,83.0,70.3,95.0,100.0,65.1,70.0,0.0,29.6,74.8,000785,居然智家,48.8,1.77,58.7,52.88,多头,2.22,-4.56,当前仍站在20日线之上，20日线相对60日线高约3.0%，但短线均线结构还不算特别强。近20日上涨约2.2%，更像整理后的早期抬升，方向性仍需后续确认。近期量能没有明显收缩，5/20成交量比约1.30，因此“底部缩量”的特征并不突出。过去250个交易日有5次涨停，历史弹性明显高于普通低价股；近10日最大单日涨幅约3.6%。MACD仍处死叉，快慢线之间的MACD距已连续两天缩小，属于死叉修复状态，位于上方区域。
