推荐日,推荐排名,极度推荐排名,极度推荐分,涨停基因分,推荐度,代码,名称,推荐日收盘,T+1涨跌%,T+2累计%,T+3累计%,T+4累计%,T+5累计%,T+6累计%,5日最高涨幅%,5日最低涨幅%,6日最高涨幅%,6日最低涨幅%,首次≥3%,首次≥5%,首次≥8%,6日内涨停,6日涨停次数,6日内跌停,6日跌停次数,买入后6日最高涨幅%,买入后6日最低涨幅%,买入后首次≥8%,6日结果,T+1开盘买入,买入价,交易结果,持有交易日,卖出价,净收益%,第一止盈%,第二止盈%,软止损%,硬止损%,首止盈卖出仓位%,首次止盈日,最终清仓日,最高浮盈%,最大浮亏%,交易备注,原T+5收盘%
2026-08-03,1,1,81.1,64.7,60.2,002548,金新农,3.88,0.52,2.58,2.58,1.8,7.73,6.19,7.99,-0.77,7.99,-0.77,T+2,T+5,,否,0,否,0,6.08,-2.53,,完整6日,是,3.95,强势止盈/清仓,5,4.19,4.3,3.0,6.0,-3.0,-6.0,50.0,T+5,T+5,6.08,-2.53,2026-08-10达到第一止盈：卖出50%；达到第二止盈,7.73
2026-08-04,1,1,76.8,61.7,51.7,603313,梦百合,5.76,1.56,6.08,4.69,8.85,9.9,11.63,12.33,-1.04,12.33,-1.04,T+1,T+2,T+4,否,0,否,0,12.52,-0.87,T+4,完整6日,是,5.75,强势止盈/清仓,2,6.1,4.3,3.0,6.0,-3.0,-6.0,50.0,T+2,T+2,7.3,-0.87,2026-08-05盘中达到第一止盈，但T+1不可卖；2026-08-06达到第一止盈：卖出50%；达到第二止盈,9.9
2026-08-05,1,1,79.7,44.6,51.4,605377,华旺科技,9.05,0.77,-0.22,3.87,-0.44,0.66,1.1,4.75,-1.88,4.75,-1.88,T+3,,,否,0,否,0,4.75,-1.88,,完整6日,是,9.05,移动止盈退出,4,9.01,1.08,3.0,6.0,-3.0,-6.0,50.0,T+3,T+4,4.75,-1.77,2026-08-10达到第一止盈：卖出50%；2026-08-11从峰值回撤约2.2%后退出,0.66
2026-08-21,1,1,69.7,42.0,41.4,000617,中油资本,6.98,2.44,6.73,5.3,7.31,6.02,4.58,11.75,-1.15,11.75,-1.15,T+1,T+2,T+2,否,0,否,0,12.88,-0.14,T+2,完整6日,是,6.91,移动止盈退出,2,7.45,5.21,3.0,6.0,-3.0,-6.0,50.0,T+2,T+2,12.88,-0.14,2026-08-24盘中达到第一止盈，但T+1不可卖；2026-08-25达到第一止盈：卖出50%；2026-08-25从峰值回撤约3.5%后退出,6.02
2026-08-24,1,1,67.1,81.2,51.3,000601,韶能股份,6.16,-0.32,0.65,1.62,0.32,-0.65,0.32,2.92,-2.6,2.92,-2.6,,,,否,0,否,0,4.62,-0.99,,完整6日,是,6.06,移动止盈退出,4,6.18,2.29,3.0,6.0,-3.0,-6.0,50.0,T+3,T+4,4.62,-0.99,2026-08-27达到第一止盈：卖出50%；2026-08-28从峰值回撤约2.2%后退出,-0.65
2026-08-25,1,1,81.6,72.9,74.6,000595,新能股份,5.78,2.94,-0.52,-0.87,0.52,-0.69,-0.35,5.02,-4.67,5.36,-4.67,T+1,T+1,,否,0,否,0,6.84,-3.33,,完整6日,是,5.7,移动止盈退出,2,5.75,1.74,3.0,6.0,-3.0,-6.0,50.0,T+2,T+2,6.49,-0.7,2026-08-26盘中达到第一止盈，但T+1不可卖；2026-08-27达到第一止盈：卖出50%；2026-08-27从峰值回撤约2.8%后退出,-0.69
2026-08-25,2,2,74.8,85.2,66.7,002310,东方新能,2.35,1.7,0.43,0.43,-0.43,0.43,-0.43,2.13,-1.28,2.13,-1.28,,,,否,0,否,0,2.13,-1.28,,完整6日,是,2.35,T+6收盘退出,5,2.36,0.23,3.0,6.0,-3.0,-6.0,50.0,,T+5,2.13,-1.28,5日内未触发关键退出信号,0.43
2026-08-25,3,4,72.9,32.9,66.6,000785,居然智家,2.29,0.0,-1.75,0.0,-0.44,1.75,0.87,3.06,-2.62,3.06,-2.62,T+5,,,否,0,否,0,3.96,-1.76,,完整6日,是,2.27,移动止盈退出,4,2.28,1.52,3.0,6.0,-3.0,-6.0,50.0,T+4,T+4,3.52,-1.76,2026-08-31达到第一止盈：卖出50%；2026-08-31从峰值回撤约2.2%后退出,1.75
2026-08-25,4,,68.2,55.2,60.9,600178,东安动力,9.55,0.94,1.36,1.47,2.2,3.66,4.92,4.71,-1.47,7.85,-1.47,T+5,T+6,,否,0,否,0,8.65,-0.74,T+6,完整6日,是,9.48,首止盈后T+6退出,5,9.9,3.52,3.0,6.0,-3.0,-6.0,50.0,T+4,T+5,5.49,-0.74,2026-08-31达到第一止盈：卖出50%,3.66
2026-08-25,5,,70.4,50.7,60.7,000862,银星能源,5.22,1.72,0.96,1.34,0.77,2.49,1.72,3.07,-0.77,3.07,-0.77,T+5,,,否,0,否,0,3.86,0.0,,完整6日,是,5.18,首止盈后T+6退出,5,5.35,2.94,3.0,6.0,-3.0,-6.0,50.0,T+5,T+5,3.86,0.0,2026-08-26盘中达到第一止盈，但T+1不可卖；2026-09-01达到第一止盈：卖出50%,2.49
2026-08-25,6,3,73.4,38.9,59.9,600167,联美控股,5.7,0.53,0.88,0.7,-2.11,-0.88,0.35,1.4,-3.86,1.4,-3.86,,,,否,0,否,0,1.58,-3.69,,完整6日,是,5.69,T+6收盘退出,5,5.65,-0.9,3.0,6.0,-3.0,-6.0,50.0,,T+5,1.58,-3.69,2026-08-31触发软止损预警,-0.88
2026-08-25,7,5,71.0,39.9,56.6,600170,上海建工,2.28,0.88,-0.44,0.44,-0.44,0.0,-0.88,3.07,-1.75,3.07,-1.75,T+4,,,否,0,否,0,3.07,-1.75,,完整6日,是,2.28,移动止盈退出,4,2.27,1.08,3.0,6.0,-3.0,-6.0,50.0,T+4,T+4,3.07,-1.75,2026-08-31达到第一止盈：卖出50%；2026-08-31从峰值回撤约2.2%后退出,0.0
2026-08-26,1,,80.7,82.9,82.8,000892,欢瑞世纪,3.82,-0.79,2.36,12.57,23.82,36.13,32.98,36.13,-3.4,49.74,-3.4,T+2,T+2,T+3,是,3,否,0,52.94,-1.34,T+2,完整6日,是,3.74,强势止盈/清仓,2,3.96,4.3,3.0,6.0,-3.0,-6.0,50.0,T+2,T+2,8.29,-1.34,2026-08-28达到第一止盈：卖出50%；达到第二止盈,36.13
2026-08-26,2,,79.0,63.0,80.1,600192,长城电工,7.11,0.28,0.14,-0.7,0.98,3.66,1.55,5.06,-2.39,5.06,-2.39,T+5,T+5,,否,0,否,0,5.06,-2.39,,完整6日,是,7.11,首止盈后T+6退出,5,7.37,3.13,3.0,6.0,-3.0,-6.0,50.0,T+5,T+5,5.06,-2.39,2026-09-02达到第一止盈：卖出50%,3.66
2026-08-26,3,4,81.9,89.3,69.6,002498,汉缆股份,6.39,0.63,1.1,-1.1,-0.78,2.03,7.51,4.23,-2.82,12.05,-2.82,T+5,T+6,T+6,否,0,否,0,13.11,-1.9,T+6,完整6日,是,6.33,首止盈后T+6退出,5,6.52,2.8,3.0,6.0,-3.0,-6.0,50.0,T+5,T+5,5.21,-1.9,2026-09-02达到第一止盈：卖出50%,2.03
2026-08-26,4,5,81.3,84.9,68.6,002300,太阳电缆,6.83,-0.29,0.0,0.15,1.61,11.71,22.84,11.71,-3.07,22.84,-3.07,T+5,T+5,T+5,是,2,否,0,24.11,-2.07,T+5,完整6日,是,6.76,强势止盈/清仓,5,7.42,4.3,3.0,6.0,-3.0,-6.0,50.0,T+5,T+5,12.87,-2.07,2026-09-02达到第一止盈：卖出50%；盘中达到涨停级别，剩余仓位清仓,11.71
2026-08-26,5,,79.5,72.0,67.6,000037,深南电A,9.67,1.86,1.76,-0.21,-0.21,-3.41,-4.03,2.79,-3.62,2.79,-4.24,,,,否,0,否,0,5.52,-1.7,,完整6日,是,9.42,移动止盈退出,3,9.65,2.52,3.0,6.0,-3.0,-6.0,50.0,T+2,T+3,5.52,-1.06,2026-08-27盘中达到第一止盈，但T+1不可卖；2026-08-28达到第一止盈：卖出50%；2026-08-31从峰值回撤约2.8%后退出,-3.41
2026-08-26,6,,77.3,54.2,66.3,600676,久事动娱,6.78,0.29,-0.15,0.44,1.92,-1.03,0.0,2.21,-1.62,4.72,-1.62,T+6,,,否,0,否,0,4.41,-1.91,,完整6日,是,6.8,T+6收盘退出,5,6.71,-1.52,3.0,6.0,-3.0,-6.0,50.0,,T+5,1.91,-1.91,5日内未触发关键退出信号,-1.03
2026-08-26,7,3,83.5,65.7,63.7,600032,浙江新能,6.87,0.29,0.0,-1.02,-0.29,-0.73,-1.46,0.87,-2.77,0.87,-2.77,,,,否,0,否,0,1.17,-2.48,,完整6日,是,6.85,T+6收盘退出,5,6.82,-0.64,3.0,6.0,-3.0,-6.0,50.0,,T+5,1.17,-2.48,5日内未触发关键退出信号,-0.73
2026-08-26,8,1,84.4,80.8,63.3,600744,华银电力,6.7,-3.28,-5.22,-7.16,-5.82,-7.01,-6.87,-1.94,-8.51,-1.94,-8.51,,,,否,0,否,0,0.15,-6.55,,完整6日,是,6.56,T+6收盘退出,5,6.23,-5.23,3.0,6.0,-3.0,-6.0,50.0,,T+5,0.15,-6.55,2026-08-28触发软止损预警；2026-08-31触发软止损预警；2026-09-01触发软止损预警；2026-09-02触发软止损预警,-7.01
2026-08-26,9,,78.6,56.3,63.0,603169,兰石重装,6.45,1.4,2.33,0.31,2.48,2.17,1.24,3.72,-1.09,3.72,-1.09,T+2,,,否,0,否,0,4.53,-0.31,,完整6日,是,6.4,移动止盈退出,3,6.47,1.85,3.0,6.0,-3.0,-6.0,50.0,T+2,T+3,4.53,-0.31,2026-08-28达到第一止盈：卖出50%；2026-08-31从峰值回撤约2.2%后退出,2.17
2026-08-26,10,,75.3,33.8,62.7,601908,京运通,3.04,0.0,0.33,-0.66,0.0,-1.64,-2.3,0.99,-2.3,0.99,-2.96,,,,否,0,否,0,1.66,-2.32,,完整6日,是,3.02,T+6收盘退出,5,2.99,-1.19,3.0,6.0,-3.0,-6.0,50.0,,T+5,1.66,-1.66,5日内未触发关键退出信号,-1.64
2026-08-27,1,4,81.6,54.4,81.0,002197,证通电子,7.01,-2.14,-0.43,0.86,0.86,0.43,0.86,2.28,-4.42,4.71,-4.42,T+6,,,否,0,否,0,4.41,-4.69,,完整6日,是,7.03,T+6收盘退出,5,7.04,-0.06,3.0,6.0,-3.0,-6.0,50.0,,T+5,1.99,-4.69,2026-08-31触发软止损预警,0.43
2026-08-27,2,,74.2,66.0,73.9,000839,国安股份,2.81,0.0,-0.71,0.36,-2.14,-3.91,-2.14,4.27,-4.27,4.27,-4.27,T+1,,,否,0,否,0,2.09,-6.27,,完整6日,是,2.87,T+6收盘退出,5,2.7,-6.12,3.0,6.0,-3.0,-6.0,50.0,,T+5,2.09,-6.27,2026-08-31触发软止损预警；2026-09-01触发软止损预警；2026-09-02触发软止损预警；2026-09-03触发软止损预警,-3.91
2026-08-27,3,,73.4,81.3,73.4,002131,利欧股份,4.59,0.22,3.49,11.11,4.36,1.96,4.79,13.51,-2.4,13.51,-2.4,T+1,T+3,T+3,否,0,否,0,12.04,-3.66,T+3,完整6日,是,4.65,强势止盈/清仓,3,5.11,4.3,3.0,6.0,-3.0,-6.0,50.0,T+3,T+3,12.04,-3.66,2026-08-31触发软止损预警；2026-09-01达到第一止盈：卖出50%；盘中达到涨停级别，剩余仓位清仓,1.96
2026-08-27,4,1,85.6,82.9,67.8,002309,中利集团,3.05,0.33,-0.66,0.33,0.0,-1.31,-1.97,0.98,-2.3,0.98,-2.62,,,,否,0,否,0,1.32,-2.3,,完整6日,是,3.04,T+6收盘退出,5,3.01,-1.19,3.0,6.0,-3.0,-6.0,50.0,,T+5,1.32,-1.97,5日内未触发关键退出信号,-1.31
2026-08-27,5,5,81.5,69.1,67.7,600986,浙文互联,7.21,-0.83,3.47,7.91,4.44,2.08,4.85,10.82,-2.91,10.82,-2.91,T+2,T+3,T+3,否,0,否,0,9.6,-3.98,T+3,完整6日,是,7.29,强势止盈/清仓,3,7.73,4.3,3.0,6.0,-3.0,-6.0,50.0,T+3,T+3,9.6,-3.98,2026-08-31触发软止损预警；2026-09-01达到第一止盈：卖出50%；达到第二止盈,2.08
2026-08-27,6,,79.0,59.9,67.5,002607,中公教育,2.1,0.0,-0.48,1.43,-0.95,-3.81,-3.33,1.9,-4.29,1.9,-4.29,,,,否,0,否,0,1.9,-4.29,,完整6日,是,2.1,T+6收盘退出,5,2.02,-4.01,3.0,6.0,-3.0,-6.0,50.0,,T+5,1.9,-4.29,2026-09-03触发软止损预警,-3.81
2026-08-27,7,,79.2,83.5,67.5,002298,中电鑫龙,8.11,-0.62,0.62,1.36,6.66,3.58,6.29,7.52,-2.47,9.12,-2.47,T+4,T+4,T+6,否,0,否,0,9.94,-1.74,T+4,完整6日,是,8.05,强势止盈/清仓,4,8.53,4.3,3.0,6.0,-3.0,-6.0,50.0,T+3,T+4,8.32,-1.74,2026-09-01达到第一止盈：卖出50%；达到第二止盈,3.58
2026-08-27,8,,77.8,69.8,66.7,000539,粤电力A,5.36,-1.12,-3.73,-2.24,-3.73,-4.29,-4.29,-0.37,-4.85,-0.37,-4.85,,,,否,0,否,0,0.38,-4.14,,完整6日,是,5.32,T+6收盘退出,5,5.13,-3.77,3.0,6.0,-3.0,-6.0,50.0,,T+5,0.38,-4.14,2026-08-31触发软止损预警；2026-09-01触发软止损预警；2026-09-02触发软止损预警；2026-09-03触发软止损预警,-4.29
2026-08-27,9,2,82.5,71.7,62.8,002212,天融信,6.3,10.0,3.33,8.25,5.87,3.33,5.56,10.0,0.0,10.0,0.0,T+1,T+1,T+1,是,1,否,0,4.05,-5.41,,完整6日,是,6.66,T+6收盘退出,5,6.51,-2.45,3.0,6.0,-3.0,-6.0,50.0,,T+5,4.05,-5.41,2026-08-28盘中达到第一止盈，但T+1不可卖；2026-08-31触发软止损预警,3.33
2026-08-27,10,,75.4,64.0,60.8,000767,晋控电力,3.47,-0.58,-1.73,-0.29,-2.31,-2.88,-2.59,0.0,-3.17,0.0,-3.17,,,,否,0,否,0,0.0,-3.17,,完整6日,是,3.47,T+6收盘退出,5,3.37,-3.08,3.0,6.0,-3.0,-6.0,50.0,,T+5,0.0,-3.17,2026-09-03触发软止损预警,-2.88
2026-08-28,1,,78.7,67.9,80.4,002474,榕基软件,6.34,0.47,4.1,3.47,1.89,3.47,2.84,5.36,-2.68,5.36,-2.68,T+2,T+5,,否,0,否,0,7.74,-0.48,,完整6日,是,6.2,强势止盈/清仓,2,6.57,4.3,3.0,6.0,-3.0,-6.0,50.0,T+2,T+2,6.61,-0.48,2026-08-31盘中达到第一止盈，但T+1不可卖；2026-09-01达到第一止盈：卖出50%；达到第二止盈,3.47
2026-08-28,2,,76.8,46.1,76.7,000990,诚志股份,6.68,0.45,2.25,0.15,-0.9,-3.14,-2.25,3.74,-3.89,3.74,-3.89,T+2,,,否,0,否,0,4.05,-3.6,,完整6日,是,6.66,移动止盈退出,3,6.69,1.53,3.0,6.0,-3.0,-6.0,50.0,T+2,T+3,4.05,-1.95,2026-09-01达到第一止盈：卖出50%；2026-09-02从峰值回撤约2.2%后退出,-3.14
2026-08-28,3,1,86.8,75.4,74.5,600617,国新能源,3.46,-0.58,0.58,0.0,-3.76,-2.89,-3.76,2.6,-4.34,2.6,-4.91,,,,否,0,否,0,2.9,-4.64,,完整6日,是,3.45,T+6收盘退出,5,3.36,-2.81,3.0,6.0,-3.0,-6.0,50.0,,T+5,2.9,-4.06,2026-09-03触发软止损预警；2026-09-04触发软止损预警,-2.89
2026-08-28,4,,79.2,61.5,74.4,605388,均瑶健康,6.26,-1.92,0.8,-1.92,-3.51,-1.28,3.67,1.44,-3.99,5.43,-3.99,T+6,T+6,,否,0,否,0,4.76,-4.6,,完整6日,是,6.3,T+6收盘退出,5,6.18,-2.1,3.0,6.0,-3.0,-6.0,50.0,,T+5,0.79,-4.6,2026-09-02触发软止损预警；2026-09-03触发软止损预警；2026-09-04触发软止损预警,-1.28
2026-08-28,5,4,81.0,72.0,69.8,000571,新大洲A,6.26,-1.6,-2.08,-4.15,-4.47,-5.11,-4.95,0.32,-5.75,0.32,-5.75,,,,否,0,否,0,0.0,-6.05,,完整6日,是,6.28,T+6收盘退出,5,5.94,-5.61,3.0,6.0,-3.0,-6.0,50.0,,T+5,0.0,-6.05,2026-09-01触发软止损预警；2026-09-02触发软止损预警；2026-09-03触发软止损预警；2026-09-04触发软止损预警,-5.11
2026-08-28,6,,79.5,53.1,68.3,600556,天下秀,4.6,4.57,9.35,6.09,4.35,6.09,6.96,10.43,-1.52,10.43,-1.52,T+1,T+2,T+2,否,0,否,0,11.89,-0.22,T+2,完整6日,是,4.54,强势止盈/清仓,2,4.98,4.3,3.0,6.0,-3.0,-6.0,50.0,T+2,T+2,11.89,-0.22,2026-08-31盘中达到第一止盈，但T+1不可卖；2026-09-01达到第一止盈：卖出50%；盘中达到涨停级别，剩余仓位清仓,6.09
2026-08-28,7,,75.5,38.3,66.7,002400,省广集团,6.47,3.4,7.42,4.48,2.16,4.17,5.1,8.35,-2.47,8.35,-2.47,T+1,T+2,T+2,否,0,否,0,10.39,-0.63,T+2,完整6日,是,6.35,强势止盈/清仓,2,6.97,4.3,3.0,6.0,-3.0,-6.0,50.0,T+2,T+2,10.39,-0.63,2026-08-31盘中达到第一止盈，但T+1不可卖；2026-09-01达到第一止盈：卖出50%；盘中达到涨停级别，剩余仓位清仓,4.17
2026-08-28,8,,80.0,60.4,66.6,002195,岩山科技,6.39,1.1,2.82,0.31,-0.78,-0.31,-1.25,3.13,-2.19,3.13,-2.19,T+2,,,否,0,否,0,4.94,-0.48,,完整6日,是,6.28,移动止盈退出,3,6.41,2.34,3.0,6.0,-3.0,-6.0,50.0,T+2,T+3,4.94,-0.48,2026-09-01达到第一止盈：卖出50%；2026-09-02从峰值回撤约2.2%后退出,-0.31
2026-08-28,9,5,81.0,49.8,64.0,601929,吉视传媒,2.34,9.83,12.39,8.97,5.98,7.69,9.4,15.38,-1.28,15.38,-1.28,T+1,T+1,T+1,是,1,否,0,16.38,-0.43,T+1,完整6日,是,2.32,强势止盈/清仓,2,2.55,4.3,3.0,6.0,-3.0,-6.0,50.0,T+2,T+2,16.38,-0.43,2026-08-31盘中达到第一止盈，但T+1不可卖；2026-09-01达到第一止盈：卖出50%；盘中达到涨停级别，剩余仓位清仓,7.69
2026-08-28,10,,79.5,50.7,64.0,002291,遥望科技,5.2,5.0,15.58,13.65,10.58,11.15,11.92,19.81,-1.54,19.81,-1.54,T+1,T+1,T+2,是,1,否,0,21.21,-0.39,T+1,完整6日,是,5.14,强势止盈/清仓,2,5.64,4.3,3.0,6.0,-3.0,-6.0,50.0,T+2,T+2,16.93,-0.39,2026-08-31盘中达到第一止盈，但T+1不可卖；2026-09-01达到第一止盈：卖出50%；盘中达到涨停级别，剩余仓位清仓,11.15
2026-08-31,1,,74.0,56.1,72.9,002659,凯文教育,4.64,2.37,2.8,-1.72,-0.22,0.22,3.88,3.88,-2.37,5.82,-2.37,T+2,T+6,,否,0,否,0,6.51,-1.74,,完整6日,是,4.61,移动止盈退出,3,4.56,0.76,3.0,6.0,-3.0,-6.0,50.0,T+2,T+3,4.56,-1.74,2026-09-01盘中达到第一止盈，但T+1不可卖；2026-09-02达到第一止盈：卖出50%；2026-09-03从峰值回撤约2.2%后退出,0.22
2026-08-31,2,,78.7,87.4,64.7,600376,首开股份,3.5,-2.86,-6.0,-5.43,-4.86,-4.57,-3.14,-1.43,-6.29,-1.43,-6.29,,,,否,0,否,0,3.29,-1.8,,完整6日,是,3.34,T+6收盘退出,5,3.34,-0.2,3.0,6.0,-3.0,-6.0,50.0,,T+5,3.29,-1.8,2026-09-01盘中达到第一止盈，但T+1不可卖,-4.57
2026-08-31,3,5,80.0,56.2,62.6,601789,宁波建工,4.31,0.7,-0.46,0.7,0.46,-0.23,0.46,2.32,-1.16,2.32,-1.16,,,,否,0,否,0,2.8,-0.7,,完整6日,是,4.29,T+6收盘退出,5,4.3,0.03,3.0,6.0,-3.0,-6.0,50.0,,T+5,2.8,-0.7,5日内未触发关键退出信号,-0.23
2026-08-31,4,,79.4,55.5,62.2,002739,儒意电影,8.58,0.12,-2.8,-2.45,-1.4,1.17,2.21,1.63,-3.03,2.8,-3.03,,,,否,0,否,0,3.64,-2.23,,完整6日,是,8.51,T+6收盘退出,5,8.68,1.8,3.0,6.0,-3.0,-6.0,50.0,,T+5,2.47,-2.23,5日内未触发关键退出信号,1.17
2026-08-31,5,,70.1,60.2,60.3,002044,美年健康,4.66,1.93,1.07,-1.07,-1.07,-0.64,1.29,2.58,-1.72,2.58,-1.72,,,,否,0,否,0,3.02,-1.29,,完整6日,是,4.64,移动止盈退出,3,4.61,0.98,3.0,6.0,-3.0,-6.0,50.0,T+2,T+3,3.02,-0.86,2026-09-02达到第一止盈：卖出50%；2026-09-03从峰值回撤约2.2%后退出,-0.64
2026-08-31,6,3,82.7,54.8,59.6,002153,石基信息,7.9,2.15,0.38,-0.25,1.77,1.01,1.9,4.05,-0.63,4.05,-0.63,T+4,,,否,0,否,0,3.92,-0.76,,完整6日,是,7.91,移动止盈退出,5,7.98,1.74,3.0,6.0,-3.0,-6.0,50.0,T+4,T+5,3.92,-0.76,2026-09-04达到第一止盈：卖出50%；2026-09-07从峰值回撤约2.2%后退出,1.01
2026-08-31,7,1,85.7,69.4,55.2,000802,北京文化,4.06,5.17,0.74,-0.25,2.71,3.2,6.4,7.88,-2.22,7.88,-2.22,T+1,T+1,,否,0,否,0,7.88,-2.22,,完整6日,是,4.06,移动止盈退出,2,4.09,1.67,3.0,6.0,-3.0,-6.0,50.0,T+2,T+2,5.17,-0.49,2026-09-01盘中达到第一止盈，但T+1不可卖；2026-09-02达到第一止盈：卖出50%；2026-09-02从峰值回撤约2.8%后退出,3.2
2026-08-31,8,,75.4,72.5,53.8,603956,威派格,6.17,0.16,0.16,-0.49,-1.3,-1.62,4.21,2.92,-3.89,6.32,-3.89,T+6,T+6,,否,0,否,0,5.81,-4.35,,完整6日,是,6.2,T+6收盘退出,5,6.07,-2.3,3.0,6.0,-3.0,-6.0,50.0,,T+5,2.42,-4.35,2026-09-03触发软止损预警；2026-09-04触发软止损预警；2026-09-07触发软止损预警,-1.62
2026-08-31,9,,71.0,67.8,50.3,600236,桂冠电力,9.84,0.41,3.56,2.03,0.41,-2.85,-1.63,5.08,-3.56,5.08,-3.56,T+2,T+2,,否,0,否,0,5.51,-3.16,,完整6日,是,9.8,移动止盈退出,3,10.04,2.52,3.0,6.0,-3.0,-6.0,50.0,T+2,T+3,5.51,0.0,2026-09-02达到第一止盈：卖出50%；2026-09-03从峰值回撤约2.8%后退出,-2.85
2026-08-31,10,2,83.8,69.4,49.0,000676,智度股份,6.89,4.35,2.61,1.02,3.05,2.76,3.77,5.95,-0.73,5.95,-0.73,T+1,T+1,,否,0,否,0,6.26,-0.44,,完整6日,是,6.87,移动止盈退出,3,6.96,1.96,3.0,6.0,-3.0,-6.0,50.0,T+2,T+3,5.68,-0.44,2026-09-01盘中达到第一止盈，但T+1不可卖；2026-09-02达到第一止盈：卖出50%；2026-09-03从峰值回撤约2.8%后退出,2.76
2026-09-01,1,1,85.3,69.2,65.8,002546,新联电子,8.03,-1.0,-0.62,-1.25,-3.74,-3.24,-3.24,0.75,-4.11,0.75,-4.11,,,,否,0,否,0,1.12,-3.75,,完整6日,是,8.0,T+6收盘退出,5,7.77,-3.08,3.0,6.0,-3.0,-6.0,50.0,,T+5,1.12,-3.75,2026-09-07触发软止损预警；2026-09-08触发软止损预警,-3.24
2026-09-01,2,3,81.3,71.0,63.6,002031,巨轮智能,5.35,-2.99,3.36,0.19,1.68,2.99,-1.12,6.73,-3.36,6.73,-3.36,T+2,T+2,,否,0,否,0,8.76,-1.52,T+2,完整6日,是,5.25,强势止盈/清仓,2,5.57,4.3,3.0,6.0,-3.0,-6.0,50.0,T+2,T+2,8.76,-1.52,2026-09-03达到第一止盈：卖出50%；达到第二止盈,2.99
2026-09-01,3,4,80.9,78.5,62.0,600821,金开新能,6.15,-1.14,-2.44,-1.79,-0.98,2.11,1.63,4.39,-2.76,4.39,-2.76,T+5,,,否,0,否,0,4.05,-3.08,,完整6日,是,6.17,首止盈后T+6退出,5,6.28,2.19,3.0,6.0,-3.0,-6.0,50.0,T+5,T+5,4.05,-3.08,2026-09-03触发软止损预警；2026-09-08达到第一止盈：卖出50%,2.11
2026-09-01,4,2,82.8,48.3,60.7,002242,九阳股份,8.61,-3.02,-3.72,-2.9,-0.23,1.16,-1.28,3.48,-3.83,3.48,-3.83,T+5,,,否,0,否,0,4.21,-3.16,,完整6日,是,8.55,移动止盈退出,4,8.59,1.53,3.0,6.0,-3.0,-6.0,50.0,T+4,T+4,3.04,-3.16,2026-09-03触发软止损预警；2026-09-07达到第一止盈：卖出50%；2026-09-07从峰值回撤约2.2%后退出,1.16
2026-09-01,5,5,78.5,62.6,60.6,600644,乐山电力,8.99,0.67,0.0,1.78,0.22,1.78,2.34,5.01,-0.67,5.01,-0.67,T+3,T+3,,否,0,否,0,5.12,-0.56,,完整6日,是,8.98,移动止盈退出,3,9.15,2.25,3.0,6.0,-3.0,-6.0,50.0,T+3,T+3,5.12,-0.56,2026-09-04达到第一止盈：卖出50%；2026-09-04从峰值回撤约2.8%后退出,1.78
2026-09-02,1,2,66.0,64.5,37.9,600863,华能蒙电,4.67,1.07,1.07,-0.43,3.64,4.5,4.28,5.35,-1.07,5.78,-1.07,T+4,T+5,,否,0,否,0,6.24,-0.65,,完整6日,是,4.65,移动止盈退出,3,4.65,1.3,3.0,6.0,-3.0,-6.0,50.0,T+2,T+3,3.01,-0.65,2026-09-04达到第一止盈：卖出50%；2026-09-07从峰值回撤约2.2%后退出,4.5
2026-09-02,2,1,68.8,65.1,35.3,600400,红豆股份,2.92,-0.68,-2.05,7.88,9.59,5.48,7.19,14.73,-2.74,14.73,-2.74,T+3,T+3,T+4,是,1,否,0,14.33,-3.07,T+4,完整6日,是,2.93,强势止盈/清仓,3,3.11,4.3,3.0,6.0,-3.0,-6.0,50.0,T+3,T+3,7.51,-3.07,2026-09-04触发软止损预警；2026-09-07达到第一止盈：卖出50%；达到第二止盈,5.48
2026-09-03,1,1,82.2,86.4,64.9,603222,济民健康,8.3,-3.01,-2.53,-2.17,-2.05,-4.22,-6.27,4.46,-5.06,4.46,-7.11,T+1,,,否,0,否,0,4.33,-7.22,,完整6日,是,8.31,T+6收盘退出,5,7.95,-4.53,3.0,6.0,-3.0,-6.0,50.0,,T+5,4.33,-5.17,2026-09-04盘中达到第一止盈，但T+1不可卖；2026-09-07触发软止损预警；2026-09-08触发软止损预警；2026-09-09触发软止损预警；2026-09-10触发软止损预警,-4.22
2026-09-03,2,2,70.5,56.3,36.6,002249,大洋电机,6.84,-2.63,-1.9,-1.75,-1.17,-3.07,-5.7,0.29,-3.36,0.29,-6.58,,,,否,0,否,0,0.59,-6.3,,完整6日,是,6.82,T+6收盘退出,5,6.63,-2.99,3.0,6.0,-3.0,-6.0,50.0,,T+5,0.59,-3.08,2026-09-07触发软止损预警；2026-09-10触发软止损预警,-3.07
2026-09-04,1,3,68.7,82.9,59.5,002309,中利集团,2.99,0.33,2.68,1.67,1.67,1.67,2.01,3.01,-1.34,4.35,-1.34,T+2,,,否,0,否,0,4.7,-1.01,,完整6日,是,2.98,首止盈后T+6退出,5,3.04,2.31,3.0,6.0,-3.0,-6.0,50.0,T+2,T+5,3.36,-1.01,2026-09-08达到第一止盈：卖出50%,1.67
2026-09-04,2,,63.2,79.1,53.4,600578,京能电力,5.41,-0.55,0.55,2.77,5.55,3.14,3.88,6.47,-1.11,6.47,-1.11,T+3,T+4,,否,0,否,0,6.27,-1.29,,完整6日,是,5.42,强势止盈/清仓,4,5.75,4.3,3.0,6.0,-3.0,-6.0,50.0,T+3,T+4,6.09,-1.29,2026-09-09达到第一止盈：卖出50%；达到第二止盈,3.14
2026-09-04,3,4,66.7,80.8,52.4,600744,华银电力,6.21,-0.16,0.81,2.42,12.72,13.69,12.4,21.58,-0.81,21.58,-0.81,T+3,T+4,T+4,是,1,否,0,21.58,-0.81,T+4,完整6日,是,6.21,强势止盈/清仓,4,6.82,4.3,3.0,6.0,-3.0,-6.0,50.0,T+3,T+4,12.72,-0.81,2026-09-09达到第一止盈：卖出50%；盘中达到涨停级别，剩余仓位清仓,13.69
2026-09-04,4,,64.9,57.2,52.2,000537,绿发电力,7.48,0.13,1.74,3.07,7.35,4.28,4.28,8.56,-0.27,8.56,-0.27,T+3,T+4,T+4,否,0,否,0,8.85,0.0,T+4,完整6日,是,7.46,强势止盈/清仓,4,7.91,4.3,3.0,6.0,-3.0,-6.0,50.0,T+3,T+4,8.85,0.0,2026-09-09达到第一止盈：卖出50%；达到第二止盈,4.28
2026-09-04,5,5,66.7,69.8,52.0,000539,粤电力A,5.13,-0.97,0.97,4.09,6.04,4.68,4.87,7.41,-1.56,8.77,-1.56,T+3,T+4,T+6,否,0,否,0,8.77,-1.56,T+6,完整6日,是,5.13,强势止盈/清仓,4,5.44,4.3,3.0,6.0,-3.0,-6.0,50.0,T+3,T+4,6.82,-1.56,2026-09-09达到第一止盈：卖出50%；达到第二止盈,4.68
2026-09-04,6,,64.9,89.7,49.9,600726,华电能源,5.35,-0.19,0.56,2.8,8.79,2.43,0.37,10.47,-0.93,10.47,-0.93,T+3,T+4,T+4,否,0,否,0,9.85,-1.49,T+4,完整6日,是,5.38,强势止盈/清仓,4,5.91,4.3,3.0,6.0,-3.0,-6.0,50.0,T+3,T+4,9.85,-1.49,2026-09-09达到第一止盈：卖出50%；盘中达到涨停级别，剩余仓位清仓,2.43
2026-09-04,7,2,69.1,55.0,49.8,000899,赣能股份,9.39,-0.43,0.75,2.45,5.64,5.11,3.83,8.52,-1.06,8.52,-1.06,T+3,T+4,T+5,否,0,否,0,8.52,-1.06,T+5,完整6日,是,9.39,强势止盈/清仓,4,9.95,4.3,3.0,6.0,-3.0,-6.0,50.0,T+3,T+4,7.56,-1.06,2026-09-09达到第一止盈：卖出50%；达到第二止盈,5.11
2026-09-04,8,1,71.4,72.5,47.6,603956,威派格,6.09,-0.33,5.58,5.75,3.78,4.6,7.22,9.03,-2.63,9.03,-2.63,T+2,T+2,T+3,否,0,否,0,8.85,-2.79,T+3,完整6日,是,6.1,强势止盈/清仓,2,6.47,4.3,3.0,6.0,-3.0,-6.0,50.0,T+2,T+2,7.54,-2.79,2026-09-08达到第一止盈：卖出50%；达到第二止盈,4.6
2026-09-07,1,1,72.7,48.3,50.6,002242,九阳股份,8.59,1.4,-1.05,3.03,13.39,9.2,9.9,17.93,-2.44,17.93,-2.44,T+1,T+3,T+3,是,1,否,0,17.65,-2.67,T+3,完整6日,是,8.61,移动止盈退出,3,8.85,2.69,3.0,6.0,-3.0,-6.0,50.0,T+3,T+3,8.59,-2.67,2026-09-08盘中达到第一止盈，但T+1不可卖；2026-09-10达到第一止盈：卖出50%；2026-09-10从峰值回撤约3.5%后退出,9.2
2026-09-08,1,5,73.7,55.8,74.4,000936,华西股份,5.75,-1.91,-3.3,-5.39,-4.52,-6.96,-5.22,0.17,-7.13,0.17,-7.65,,,,否,0,否,0,0.17,-7.65,,完整6日,是,5.75,结构止损退出,5,5.35,-7.16,3.0,6.0,-3.0,-6.0,50.0,,T+5,0.17,-7.13,2026-09-10触发软止损预警；2026-09-11触发软止损预警；2026-09-14触发软止损预警；2026-09-15触发软止损预警；2026-09-15收盘确认结构破坏,-6.96
2026-09-08,2,3,76.2,76.3,73.0,002256,兆新股份,3.39,-1.18,0.0,-1.47,-1.77,-4.13,-3.83,1.47,-4.42,1.47,-5.31,,,,否,0,否,0,1.18,-5.59,,完整6日,是,3.4,T+6收盘退出,5,3.25,-4.61,3.0,6.0,-3.0,-6.0,50.0,,T+5,1.18,-4.71,2026-09-11触发软止损预警；2026-09-15触发软止损预警,-4.13
2026-09-08,3,1,84.0,59.2,59.8,002030,达安基因,5.62,-2.14,-3.74,-6.05,-4.8,-7.3,-7.12,-0.18,-7.47,-0.18,-8.19,,,,否,0,否,0,0.0,-8.02,,完整6日,是,5.61,T+6收盘退出,5,5.21,-7.33,3.0,6.0,-3.0,-6.0,50.0,,T+5,0.0,-7.31,2026-09-10触发软止损预警；2026-09-11触发软止损预警；2026-09-14触发软止损预警；2026-09-15触发软止损预警,-7.3
2026-09-08,4,2,77.4,62.4,59.7,002693,双成药业,8.92,-2.02,-4.15,-4.93,-3.36,-4.15,-3.25,-0.22,-6.73,-0.22,-6.73,,,,否,0,否,0,0.34,-6.2,,完整6日,是,8.87,T+6收盘退出,5,8.55,-3.81,3.0,6.0,-3.0,-6.0,50.0,,T+5,0.34,-6.2,2026-09-10触发软止损预警；2026-09-11触发软止损预警；2026-09-14触发软止损预警；2026-09-15触发软止损预警,-4.15
2026-09-08,5,,72.8,71.0,57.6,000571,新大洲A,5.99,-2.0,-3.67,-5.01,-3.01,-1.17,2.5,0.67,-7.35,4.84,-7.35,T+6,,,否,0,否,0,5.55,-6.72,,完整6日,是,5.95,T+6收盘退出,5,5.92,-0.7,3.0,6.0,-3.0,-6.0,50.0,,T+5,1.34,-6.72,2026-09-10触发软止损预警；2026-09-11触发软止损预警；2026-09-14触发软止损预警；2026-09-15触发软止损预警,-1.17
2026-09-08,6,4,74.3,64.3,54.4,002176,江特电机,9.13,-1.2,-2.63,-6.02,-3.83,-5.7,-6.02,0.22,-8.43,0.22,-8.43,,,,否,0,否,0,0.22,-8.43,,完整6日,是,9.13,结构止损退出,3,8.58,-6.22,3.0,6.0,-3.0,-6.0,50.0,,T+3,0.22,-8.43,2026-09-10触发软止损预警；2026-09-11触发软止损预警；2026-09-11收盘确认结构破坏,-5.7
2026-09-09,1,2,82.7,71.0,59.7,000037,深南电A,9.47,1.58,0.84,2.32,5.91,3.38,-0.95,10.24,-4.33,10.24,-4.33,T+1,T+3,T+3,否,0,否,0,10.48,-4.13,T+3,完整6日,是,9.45,移动止盈退出,3,9.69,2.57,3.0,6.0,-3.0,-6.0,50.0,T+2,T+3,8.57,-4.13,2026-09-10盘中达到第一止盈，但T+1不可卖；2026-09-11达到第一止盈：卖出50%；2026-09-11触发软止损预警；2026-09-14从峰值回撤约3.5%后退出,3.38
2026-09-09,2,3,80.6,86.4,59.2,600707,彩虹股份,8.64,-1.16,-1.5,0.58,3.59,5.56,6.94,6.25,-5.32,13.89,-5.32,T+4,T+5,T+6,否,0,否,0,15.36,-4.1,T+6,完整6日,是,8.53,强势止盈/清仓,5,9.04,4.3,3.0,6.0,-3.0,-6.0,50.0,T+4,T+5,7.62,-4.1,2026-09-11触发软止损预警；2026-09-15达到第一止盈：卖出50%；达到第二止盈,5.56
2026-09-09,3,,76.3,52.6,51.5,000546,金圆股份,4.79,-2.3,-4.59,-4.8,-7.31,-6.05,-6.89,0.0,-8.56,0.0,-8.56,,,,否,0,否,0,0.0,-8.56,,完整6日,是,4.79,T+6收盘退出,5,4.5,-6.25,3.0,6.0,-3.0,-6.0,50.0,,T+5,0.0,-8.56,2026-09-11触发软止损预警；2026-09-14触发软止损预警；2026-09-15触发软止损预警；2026-09-16触发软止损预警,-6.05
2026-09-09,4,1,83.3,54.1,51.5,600126,杭钢股份,6.56,-2.44,-5.64,-5.64,-6.25,-6.4,-6.86,-1.07,-7.93,-1.07,-7.93,,,,否,0,否,0,1.41,-5.63,,完整6日,是,6.4,T+6收盘退出,5,6.14,-4.26,3.0,6.0,-3.0,-6.0,50.0,,T+5,1.41,-5.63,2026-09-11触发软止损预警；2026-09-14触发软止损预警；2026-09-15触发软止损预警；2026-09-16触发软止损预警,-6.4
2026-09-09,5,,63.2,87.4,50.8,600376,首开股份,3.29,-1.82,-3.34,-3.65,-6.69,-6.08,-5.78,-0.61,-7.29,-0.61,-7.29,,,,否,0,否,0,0.0,-6.73,,完整6日,是,3.27,结构止损退出,4,3.07,-6.32,3.0,6.0,-3.0,-6.0,50.0,,T+4,0.0,-6.12,2026-09-11触发软止损预警；2026-09-14触发软止损预警；2026-09-15触发软止损预警；2026-09-15收盘确认结构破坏,-6.08
2026-09-09,6,,72.9,55.2,50.0,600151,航天机电,9.91,0.81,-1.72,-2.93,-4.24,-1.41,-4.04,2.93,-4.54,2.93,-4.54,,,,否,0,否,0,3.03,-4.44,,完整6日,是,9.9,T+6收盘退出,5,9.77,-1.51,3.0,6.0,-3.0,-6.0,50.0,,T+5,3.03,-4.44,2026-09-10盘中达到第一止盈，但T+1不可卖；2026-09-11触发软止损预警；2026-09-14触发软止损预警；2026-09-15触发软止损预警；2026-09-16触发软止损预警,-1.41
2026-09-09,7,,68.4,58.9,45.9,600058,五矿发展,9.71,-1.65,-4.84,-6.08,-7.62,-5.77,-7.31,0.0,-7.83,0.0,-7.83,,,,否,0,否,0,0.0,-7.83,,完整6日,是,9.71,结构止损退出,4,8.97,-7.82,3.0,6.0,-3.0,-6.0,50.0,,T+4,0.0,-7.72,2026-09-11触发软止损预警；2026-09-14触发软止损预警；2026-09-15触发软止损预警；2026-09-15收盘确认结构破坏,-5.77
2026-09-09,8,,78.1,78.3,45.1,000751,锌业股份,5.12,-1.56,-6.84,-8.4,-10.16,-8.01,-10.35,0.78,-10.74,0.78,-11.13,,,,否,0,否,0,0.78,-11.13,,完整6日,是,5.12,结构止损退出,2,4.77,-7.04,3.0,6.0,-3.0,-6.0,50.0,,T+2,0.78,-9.77,2026-09-11触发软止损预警；2026-09-11收盘确认结构破坏,-8.01
2026-09-09,9,5,78.9,50.4,44.7,000630,铜陵有色,6.57,-1.07,-6.09,-7.31,-8.37,-7.31,-8.37,0.91,-8.98,0.91,-8.98,,,,否,0,否,0,0.61,-9.26,,完整6日,是,6.59,结构止损退出,2,6.17,-6.57,3.0,6.0,-3.0,-6.0,50.0,,T+2,0.61,-8.5,2026-09-11触发软止损预警；2026-09-11收盘确认结构破坏,-7.31
2026-09-09,10,4,80.4,51.5,44.2,600651,飞乐音响,5.61,-4.1,-5.88,-7.31,-8.38,-8.02,-7.49,-1.07,-9.27,-1.07,-9.27,,,,否,0,否,0,0.18,-8.12,,完整6日,是,5.54,结构止损退出,4,5.14,-7.42,3.0,6.0,-3.0,-6.0,50.0,,T+4,0.18,-7.4,2026-09-11触发软止损预警；2026-09-14触发软止损预警；2026-09-15触发软止损预警；2026-09-15收盘确认结构破坏,-8.02
2026-09-10,1,1,70.9,52.3,71.0,601616,广电电气,3.88,-1.03,-1.8,-3.35,-2.06,-2.58,-1.8,-0.26,-3.87,-0.26,-3.87,,,,否,0,否,0,0.0,-3.62,,完整6日,是,3.87,T+6收盘退出,5,3.78,-2.53,3.0,6.0,-3.0,-6.0,50.0,,T+5,0.0,-3.62,2026-09-15触发软止损预警；2026-09-16触发软止损预警；2026-09-17触发软止损预警,-2.58
2026-09-10,2,2,68.4,80.0,66.3,000720,新能泰山,3.86,3.11,1.04,-1.81,8.03,3.11,4.92,8.03,-3.89,8.03,-3.89,T+1,T+2,T+4,是,1,否,0,8.59,-3.39,T+2,完整6日,是,3.84,移动止盈退出,2,3.9,2.08,3.0,6.0,-3.0,-6.0,50.0,T+2,T+2,8.07,-1.04,2026-09-11盘中达到第一止盈，但T+1不可卖；2026-09-14达到第一止盈：卖出50%；2026-09-14从峰值回撤约3.5%后退出,3.11
2026-09-11,1,1,79.1,71.9,42.1,000595,新能股份,5.55,0.0,-3.06,-2.16,-5.59,-5.05,-4.14,3.42,-5.95,3.42,-5.95,T+1,,,否,0,否,0,3.42,-5.95,,完整6日,是,5.55,T+6收盘退出,5,5.27,-5.25,3.0,6.0,-3.0,-6.0,50.0,,T+5,3.42,-5.95,2026-09-14盘中达到第一止盈，但T+1不可卖；2026-09-15触发软止损预警；2026-09-16触发软止损预警；2026-09-17触发软止损预警；2026-09-18触发软止损预警,-5.05
2026-09-11,2,2,71.8,62.6,37.1,000908,石药景峰,6.24,-0.8,-2.56,-1.92,-2.4,-1.92,-0.64,0.48,-3.85,0.48,-3.85,,,,否,0,否,0,1.46,-2.91,,完整6日,是,6.18,T+6收盘退出,5,6.12,-1.17,3.0,6.0,-3.0,-6.0,50.0,,T+5,1.46,-2.91,5日内未触发关键退出信号,-1.92
2026-09-14,1,1,74.3,42.7,26.4,002283,天润工业,8.09,-0.62,-1.11,1.24,2.1,1.11,0.25,4.45,-2.35,4.45,-2.35,T+3,,,否,0,否,0,4.84,-1.99,,完整6日,是,8.06,移动止盈退出,3,8.19,2.11,3.0,6.0,-3.0,-6.0,50.0,T+3,T+3,4.71,-1.99,2026-09-17达到第一止盈：卖出50%；2026-09-17从峰值回撤约2.2%后退出,1.11
2026-09-15,1,1,76.2,67.7,38.6,000571,新大洲A,5.92,3.72,7.94,10.64,12.33,11.99,13.68,14.36,-1.52,14.36,-1.52,T+1,T+1,T+2,否,0,否,0,14.75,-1.19,T+2,完整6日,是,5.9,强势止盈/清仓,2,6.48,4.3,3.0,6.0,-3.0,-6.0,50.0,T+2,T+2,10.85,-1.19,2026-09-16盘中达到第一止盈，但T+1不可卖；2026-09-17达到第一止盈：卖出50%；盘中达到涨停级别，剩余仓位清仓,11.99
2026-09-15,2,2,58.5,49.2,25.8,603660,苏州科达,9.37,-0.11,-0.96,3.31,4.8,5.44,4.06,8.0,-2.67,8.0,-2.67,T+3,T+3,T+5,否,0,否,0,8.93,-1.83,T+5,完整6日,是,9.29,强势止盈/清仓,3,9.85,4.3,3.0,6.0,-3.0,-6.0,50.0,T+3,T+3,6.57,-1.83,2026-09-18达到第一止盈：卖出50%；达到第二止盈,5.44
2026-09-16,1,1,79.9,83.6,56.0,002083,孚日股份,9.9,-1.11,-1.52,-1.31,-0.71,-3.23,,0.91,-3.94,0.91,-3.94,,,,否,0,否,0,1.42,-3.45,,仅有5个后续交易日,是,9.85,T+6收盘退出,5,9.58,-2.94,3.0,6.0,-3.0,-6.0,50.0,,T+5,1.42,-3.45,2026-09-23触发软止损预警,-3.23
2026-09-16,2,2,75.9,83.0,27.4,600664,哈药股份,7.36,0.82,1.9,12.09,23.37,22.83,,33.97,-3.13,33.97,-3.13,T+1,T+2,T+3,是,2,否,0,33.97,-3.13,T+3,仅有5个后续交易日,是,7.36,移动止盈退出,2,7.5,2.25,3.0,6.0,-3.0,-6.0,50.0,T+2,T+2,5.71,-3.13,2026-09-17盘中达到第一止盈，但T+1不可卖；2026-09-18达到第一止盈：卖出50%；2026-09-18从峰值回撤约2.8%后退出,22.83
2026-09-17,1,,75.6,40.0,68.1,002045,国光电器,9.15,-1.09,-0.98,2.73,-0.66,,,5.25,-1.86,5.25,-1.86,T+3,T+3,,否,0,否,0,5.36,-1.75,,仅有4个后续交易日,是,9.14,移动止盈退出,4,9.09,1.03,3.0,6.0,-3.0,-6.0,50.0,T+3,T+4,5.36,-1.75,2026-09-22达到第一止盈：卖出50%；2026-09-23从峰值回撤约2.8%后退出,
2026-09-17,2,,66.6,86.0,58.5,600376,首开股份,3.1,2.26,6.77,9.68,7.42,,,11.61,0.0,11.61,0.0,T+2,T+2,T+2,否,0,否,0,11.25,-0.32,T+3,仅有4个后续交易日,是,3.11,强势止盈/清仓,2,3.3,4.3,3.0,6.0,-3.0,-6.0,50.0,T+2,T+2,7.72,-0.32,2026-09-21达到第一止盈：卖出50%；达到第二止盈,
2026-09-17,3,2,79.1,59.3,57.7,002638,勤上股份,4.23,0.24,1.89,1.89,12.06,,,12.06,-1.18,12.06,-1.18,T+3,T+4,T+4,是,1,否,0,12.32,-0.95,T+4,仅有4个后续交易日,是,4.22,移动止盈退出,3,4.31,2.37,3.0,6.0,-3.0,-6.0,50.0,T+3,T+3,5.21,-0.95,2026-09-22达到第一止盈：卖出50%；2026-09-22从峰值回撤约2.8%后退出,
2026-09-17,4,1,79.9,78.1,57.0,603222,济民健康,7.8,-0.38,1.15,4.23,14.62,,,14.62,-2.05,14.62,-2.05,T+3,T+3,T+4,是,1,否,0,14.76,-1.93,T+4,仅有4个后续交易日,是,7.79,强势止盈/清仓,3,8.26,4.3,3.0,6.0,-3.0,-6.0,50.0,T+3,T+3,6.29,-1.93,2026-09-22达到第一止盈：卖出50%；达到第二止盈,
2026-09-17,5,,70.5,64.1,54.5,002031,巨轮智能,5.12,2.54,2.93,3.12,2.93,,,6.64,0.0,6.64,0.0,T+1,T+2,,否,0,否,0,5.61,-0.97,,仅有4个后续交易日,是,5.17,移动止盈退出,2,5.27,2.27,3.0,6.0,-3.0,-6.0,50.0,T+2,T+2,5.61,-0.97,2026-09-18盘中达到第一止盈，但T+1不可卖；2026-09-21达到第一止盈：卖出50%；2026-09-21从峰值回撤约2.8%后退出,
2026-09-17,6,3,77.7,75.2,52.2,002412,汉森制药,8.86,2.03,8.58,9.48,6.21,,,11.4,-0.56,11.4,-0.56,T+1,T+2,T+2,否,0,否,0,10.28,-1.56,T+2,仅有4个后续交易日,是,8.95,强势止盈/清仓,2,9.49,4.3,3.0,6.0,-3.0,-6.0,50.0,T+2,T+2,8.49,-1.56,2026-09-21达到第一止盈：卖出50%；达到第二止盈,
2026-09-17,7,,72.0,59.7,52.2,000710,贝瑞基因,8.54,5.97,9.84,11.48,17.21,,,22.48,1.76,22.48,1.76,T+1,T+1,T+1,否,0,否,0,20.23,-0.11,T+2,仅有4个后续交易日,是,8.7,强势止盈/清仓,2,9.55,4.3,3.0,6.0,-3.0,-6.0,50.0,T+2,T+2,10.0,-0.11,2026-09-18盘中达到第一止盈，但T+1不可卖；2026-09-21达到第一止盈：卖出50%；盘中达到涨停级别，剩余仓位清仓,
2026-09-17,8,5,77.4,71.8,51.7,002445,中南文化,3.14,0.64,1.59,0.96,-0.96,,,1.91,-1.27,1.91,-1.27,,,,否,0,否,0,2.24,-0.96,,仅有4个后续交易日,是,3.13,T+6收盘退出,4,3.11,-0.84,3.0,6.0,-3.0,-6.0,50.0,,T+4,2.24,-0.96,5日内未触发关键退出信号,
2026-09-17,9,,70.7,48.3,48.9,002387,维信诺,6.88,2.18,2.91,1.74,0.87,,,3.92,-0.29,3.92,-0.29,T+2,,,否,0,否,0,3.62,-0.58,,仅有4个后续交易日,是,6.9,移动止盈退出,4,6.94,1.59,3.0,6.0,-3.0,-6.0,50.0,T+2,T+4,3.62,-0.58,2026-09-21达到第一止盈：卖出50%；2026-09-23从峰值回撤约2.2%后退出,
2026-09-17,10,,63.4,36.4,46.8,002333,罗普斯金,5.29,0.0,1.89,6.24,9.45,,,11.34,-0.57,11.34,-0.57,T+3,T+3,T+3,否,0,否,0,10.3,-1.5,T+4,仅有4个后续交易日,是,5.34,强势止盈/清仓,3,5.66,4.3,3.0,6.0,-3.0,-6.0,50.0,T+3,T+3,7.3,-1.5,2026-09-22达到第一止盈：卖出50%；达到第二止盈,
2026-09-18,1,,81.9,69.9,72.9,000536,华映科技,3.51,5.41,3.42,0.0,,,,9.4,0.0,9.4,0.0,T+1,T+1,T+1,否,0,否,0,7.56,-1.68,,仅有3个后续交易日,是,3.57,移动止盈退出,2,3.63,2.14,3.0,6.0,-3.0,-6.0,50.0,T+2,T+2,7.56,0.0,2026-09-21盘中达到第一止盈，但T+1不可卖；2026-09-22达到第一止盈：卖出50%；2026-09-22从峰值回撤约2.8%后退出,
2026-09-18,2,,79.5,48.0,68.5,000718,苏宁环球,2.01,3.48,2.99,2.99,,,,5.97,-1.99,5.97,-1.99,T+1,T+3,,否,0,否,0,5.45,-2.48,,仅有3个后续交易日,是,2.02,移动止盈退出,3,2.07,2.54,3.0,6.0,-3.0,-6.0,50.0,T+2,T+3,5.45,-2.48,2026-09-21盘中达到第一止盈，但T+1不可卖；2026-09-22达到第一止盈：卖出50%；2026-09-23从峰值回撤约2.8%后退出,
2026-09-18,3,5,85.5,71.8,68.4,002131,利欧股份,4.5,0.22,3.56,-2.0,,,,4.67,-2.22,4.67,-2.22,T+2,,,否,0,否,0,4.67,-2.22,,仅有3个后续交易日,是,4.5,移动止盈退出,3,4.41,0.3,3.0,6.0,-3.0,-6.0,50.0,T+2,T+3,4.67,-2.22,2026-09-22达到第一止盈：卖出50%；2026-09-23从峰值回撤约2.2%后退出,
2026-09-18,4,,81.7,85.5,67.0,000566,海南海药,4.61,9.98,8.03,4.12,,,,12.8,1.08,12.8,1.08,T+1,T+1,T+1,是,1,否,0,11.59,0.0,T+1,仅有3个后续交易日,是,4.66,移动止盈退出,2,4.98,4.73,3.0,6.0,-3.0,-6.0,50.0,T+2,T+2,11.59,0.0,2026-09-21盘中达到第一止盈，但T+1不可卖；2026-09-22达到第一止盈：卖出50%；2026-09-22从峰值回撤约3.5%后退出,
2026-09-18,5,,77.1,77.5,65.9,002038,双鹭药业,5.62,5.34,5.16,2.85,,,,6.58,1.07,6.58,1.07,T+1,T+1,,否,0,否,0,4.72,-0.7,,仅有3个后续交易日,是,5.72,移动止盈退出,3,5.78,1.82,3.0,6.0,-3.0,-6.0,50.0,T+2,T+3,4.72,-0.7,2026-09-21盘中达到第一止盈，但T+1不可卖；2026-09-22达到第一止盈：卖出50%；2026-09-23从峰值回撤约2.2%后退出,
2026-09-18,6,,75.6,57.5,65.8,002291,遥望科技,5.53,1.99,3.25,-0.72,,,,4.16,-1.08,4.16,-1.08,T+2,,,否,0,否,0,3.97,-1.26,,仅有3个后续交易日,是,5.54,移动止盈退出,3,5.49,0.85,3.0,6.0,-3.0,-6.0,50.0,T+2,T+3,3.97,-1.26,2026-09-22达到第一止盈：卖出50%；2026-09-23从峰值回撤约2.2%后退出,
2026-09-18,7,,80.4,54.8,65.5,605268,王力安防,9.63,1.25,2.49,7.27,,,,12.77,-0.42,12.77,-0.42,T+2,T+3,T+3,否,0,否,0,13.24,0.0,T+3,仅有3个后续交易日,是,9.59,移动止盈退出,3,10.33,5.16,3.0,6.0,-3.0,-6.0,50.0,T+2,T+3,13.24,0.0,2026-09-22达到第一止盈：卖出50%；2026-09-23从峰值回撤约3.5%后退出,
2026-09-18,8,,80.3,60.8,64.9,000036,华联控股,3.9,4.62,3.85,4.1,,,,11.03,-1.28,11.03,-1.28,T+1,T+1,T+3,否,0,否,0,11.6,-0.77,T+3,仅有3个后续交易日,是,3.88,移动止盈退出,3,4.06,3.62,3.0,6.0,-3.0,-6.0,50.0,T+2,T+3,11.6,-0.77,2026-09-21盘中达到第一止盈，但T+1不可卖；2026-09-22达到第一止盈：卖出50%；2026-09-23从峰值回撤约3.5%后退出,
2026-09-18,9,,78.6,59.9,63.6,600604,市北高新,4.61,3.47,7.16,7.81,,,,10.85,-1.3,10.85,-1.3,T+1,T+2,T+3,否,0,否,0,11.33,-0.87,T+2,仅有3个后续交易日,是,4.59,强势止盈/清仓,2,4.87,4.3,3.0,6.0,-3.0,-6.0,50.0,T+2,T+2,8.06,-0.87,2026-09-21盘中达到第一止盈，但T+1不可卖；2026-09-22达到第一止盈：卖出50%；达到第二止盈,
2026-09-18,10,4,85.5,87.4,63.3,600683,京投发展,9.64,3.63,3.01,-0.21,,,,4.25,-0.62,4.25,-0.62,T+1,,,否,0,否,0,4.25,-0.62,,仅有3个后续交易日,是,9.64,移动止盈退出,3,9.62,1.2,3.0,6.0,-3.0,-6.0,50.0,T+2,T+3,4.25,-0.62,2026-09-21盘中达到第一止盈，但T+1不可卖；2026-09-22达到第一止盈：卖出50%；2026-09-23从峰值回撤约2.2%后退出,
2026-09-21,1,,84.8,51.3,87.7,605136,丽人丽妆,8.59,0.35,-1.86,,,,,1.51,-2.21,1.51,-2.21,,,,否,0,否,0,1.87,-1.87,,仅有2个后续交易日,是,8.56,T+6收盘退出,2,8.43,-1.72,3.0,6.0,-3.0,-6.0,50.0,,T+2,1.87,-1.87,5日内未触发关键退出信号,
2026-09-21,2,1,87.3,82.3,85.3,002421,达实智能,3.24,1.23,-2.47,,,,,2.78,-2.47,2.78,-2.47,,,,否,0,否,0,2.15,-3.07,,仅有2个后续交易日,是,3.26,T+6收盘退出,2,3.16,-3.27,3.0,6.0,-3.0,-6.0,50.0,,T+2,2.15,-3.07,2026-09-23触发软止损预警,
2026-09-21,3,,81.2,36.5,83.1,600433,冠豪高新,3.38,-0.3,-2.66,,,,,0.59,-2.96,0.59,-2.96,,,,否,0,否,0,0.29,-3.24,,仅有2个后续交易日,是,3.39,T+6收盘退出,2,3.29,-3.15,3.0,6.0,-3.0,-6.0,50.0,,T+2,0.29,-3.24,2026-09-23触发软止损预警,
2026-09-21,4,5,85.0,68.1,79.8,600986,浙文互联,7.19,2.78,-1.81,,,,,5.7,-1.81,5.7,-1.81,T+1,T+1,,否,0,否,0,4.54,-2.89,,仅有2个后续交易日,是,7.27,T+6收盘退出,2,7.06,-3.09,3.0,6.0,-3.0,-6.0,50.0,,T+2,4.54,-2.89,2026-09-22盘中达到第一止盈，但T+1不可卖,
2026-09-21,5,,84.5,63.7,78.9,002520,日发精机,6.41,-0.47,-2.5,,,,,0.47,-3.28,0.47,-3.28,,,,否,0,否,0,0.16,-3.58,,仅有2个后续交易日,是,6.43,T+6收盘退出,2,6.25,-3.0,3.0,6.0,-3.0,-6.0,50.0,,T+2,0.16,-3.58,2026-09-23触发软止损预警,
2026-09-21,6,,81.5,71.5,76.7,002575,群兴玩具,5.19,3.85,-1.35,,,,,8.09,-1.54,8.09,-1.54,T+1,T+1,T+1,否,0,否,0,7.47,-2.11,,仅有2个后续交易日,是,5.22,T+6收盘退出,2,5.12,-2.12,3.0,6.0,-3.0,-6.0,50.0,,T+2,7.47,-2.11,2026-09-22盘中达到第一止盈，但T+1不可卖,
2026-09-21,7,,82.0,66.9,76.5,002474,榕基软件,6.5,0.77,-1.85,,,,,2.31,-2.15,2.31,-2.15,,,,否,0,否,0,2.15,-2.3,,仅有2个后续交易日,是,6.51,T+6收盘退出,2,6.38,-2.2,3.0,6.0,-3.0,-6.0,50.0,,T+2,2.15,-2.3,5日内未触发关键退出信号,
2026-09-21,8,,79.9,48.1,74.6,600477,杭萧钢构,2.47,-1.21,-2.02,,,,,1.21,-2.83,1.21,-2.83,,,,否,0,否,0,1.21,-2.83,,仅有2个后续交易日,是,2.47,T+6收盘退出,2,2.42,-2.22,3.0,6.0,-3.0,-6.0,50.0,,T+2,1.21,-2.83,5日内未触发关键退出信号,
2026-09-21,9,,82.4,74.5,72.4,603278,大业股份,9.16,-1.09,-2.73,,,,,0.66,-3.82,0.66,-3.82,,,,否,0,否,0,0.22,-4.24,,仅有2个后续交易日,是,9.2,T+6收盘退出,2,8.91,-3.35,3.0,6.0,-3.0,-6.0,50.0,,T+2,0.22,-4.24,2026-09-23触发软止损预警,
2026-09-21,10,,81.1,59.1,71.1,002455,百川股份,7.15,-1.68,-3.5,,,,,0.14,-4.06,0.14,-4.06,,,,否,0,否,0,0.0,-4.19,,仅有2个后续交易日,是,7.16,T+6收盘退出,2,6.9,-3.83,3.0,6.0,-3.0,-6.0,50.0,,T+2,0.0,-4.19,2026-09-23触发软止损预警,
2026-09-22,1,,79.8,75.0,78.2,600611,大众交通,4.71,-4.46,,,,,,-0.85,-4.67,-0.85,-4.67,,,,否,0,否,0,0.43,-3.44,,仅有1个后续交易日,是,4.65,T+6收盘退出,1,4.5,-3.43,3.0,6.0,-3.0,-6.0,50.0,,T+1,0.43,-3.44,5日内未触发关键退出信号,
2026-09-22,2,2,87.1,87.7,77.5,600162,香江控股,4.89,-6.13,,,,,,3.68,-7.16,3.68,-7.16,T+1,,,否,0,否,0,3.26,-7.54,,仅有1个后续交易日,是,4.91,T+6收盘退出,1,4.59,-6.72,3.0,6.0,-3.0,-6.0,50.0,,T+1,3.26,-7.54,2026-09-23盘中达到第一止盈，但T+1不可卖,
2026-09-22,3,,75.8,62.0,75.7,600408,安泰集团,3.13,-4.79,,,,,,0.32,-5.11,0.32,-5.11,,,,否,0,否,0,0.32,-5.11,,仅有1个后续交易日,是,3.13,T+6收盘退出,1,2.98,-4.99,3.0,6.0,-3.0,-6.0,50.0,,T+1,0.32,-5.11,5日内未触发关键退出信号,
2026-09-22,4,,75.0,52.1,73.1,600556,天下秀,4.81,-4.37,,,,,,0.0,-4.37,0.0,-4.37,,,,否,0,否,0,0.0,-4.37,,仅有1个后续交易日,是,4.81,T+6收盘退出,1,4.6,-4.57,3.0,6.0,-3.0,-6.0,50.0,,T+1,0.0,-4.37,5日内未触发关键退出信号,
2026-09-22,5,,79.8,68.7,72.6,002328,新朋股份,8.77,1.71,,,,,,4.79,0.34,4.79,0.34,T+1,,,否,0,否,0,4.43,0.0,,仅有1个后续交易日,是,8.8,T+6收盘退出,1,8.92,1.16,3.0,6.0,-3.0,-6.0,50.0,,T+1,4.43,0.0,2026-09-23盘中达到第一止盈，但T+1不可卖,
2026-09-22,6,,83.0,68.3,72.3,002279,久其软件,7.01,-4.99,,,,,,0.0,-4.99,0.0,-4.99,,,,否,0,否,0,1.01,-4.03,,仅有1个后续交易日,是,6.94,T+6收盘退出,1,6.66,-4.23,3.0,6.0,-3.0,-6.0,50.0,,T+1,1.01,-4.03,5日内未触发关键退出信号,
2026-09-22,7,,78.4,69.2,71.9,600758,辽宁能源,3.75,-6.4,,,,,,-1.07,-6.67,-1.07,-6.67,,,,否,0,否,0,0.27,-5.41,,仅有1个后续交易日,是,3.7,T+6收盘退出,1,3.51,-5.34,3.0,6.0,-3.0,-6.0,50.0,,T+1,0.27,-5.41,5日内未触发关键退出信号,
2026-09-22,8,,74.1,51.0,71.2,601929,吉视传媒,2.54,-5.51,,,,,,0.0,-5.91,0.0,-5.91,,,,否,0,否,0,0.79,-5.16,,仅有1个后续交易日,是,2.52,T+6收盘退出,1,2.4,-4.96,3.0,6.0,-3.0,-6.0,50.0,,T+1,0.79,-5.16,5日内未触发关键退出信号,
2026-09-22,9,,84.8,84.7,69.0,002165,红宝丽,7.38,-5.01,,,,,,-1.08,-5.15,-1.08,-5.15,,,,否,0,否,0,0.41,-3.71,,仅有1个后续交易日,是,7.27,T+6收盘退出,1,7.01,-3.78,3.0,6.0,-3.0,-6.0,50.0,,T+1,0.41,-3.71,5日内未触发关键退出信号,
2026-09-22,10,,85.1,66.9,62.9,603106,恒银科技,7.7,-4.42,,,,,,-0.65,-4.68,-0.65,-4.68,,,,否,0,否,0,0.26,-3.8,,仅有1个后续交易日,是,7.63,T+6收盘退出,1,7.36,-3.74,3.0,6.0,-3.0,-6.0,50.0,,T+1,0.26,-3.8,5日内未触发关键退出信号,
